model_run,metric,best_layer,auc,auc_signed,partial_auc,partial_auc_signed,sign_flipped,baseline_auc,beats_baseline_partial,delta_vs_baseline_signed
2026-05-17_extract-pilot-gsm8k-100,curvature_max,26,0.36305361305361306,0.6369463869463869,0.3391608391608391,0.6608391608391608,True,0.7124125874125874,False,-0.05157342657342656
2026-05-17_extract-pilot-gsm8k-100,curvature_mean,8,0.36247086247086246,0.6375291375291375,0.46561771561771564,0.5343822843822843,True,0.7124125874125874,False,-0.1780303030303031
2026-05-17_extract-pilot-gsm8k-100,curvature_p90,23,0.3548951048951049,0.6451048951048951,0.38578088578088576,0.6142191142191142,True,0.7124125874125874,False,-0.09819347319347316
2026-05-17_extract-pilot-gsm8k-100,curvature_p99,24,0.31876456876456877,0.6812354312354312,0.3327505827505828,0.6672494172494172,True,0.7124125874125874,False,-0.045163170163170174
2026-05-17_extract-pilot-gsm8k-100,curvature_var,17,0.6614219114219114,0.6614219114219114,0.5186480186480187,0.5186480186480187,False,0.7124125874125874,False,-0.1937645687645687
2026-05-17_extract-pilot-gsm8k-100,mean_step_norm,20,0.12645687645687642,0.8735431235431236,0.2202797202797203,0.7797202797202797,True,0.7124125874125874,True,0.06730769230769229
2026-05-17_extract-pilot-gsm8k-100,trajectory_length,1,0.6445221445221445,0.6445221445221445,0.5314685314685315,0.5314685314685315,False,0.7124125874125874,False,-0.18094405594405594
2026-05-17_extract-deepseek-r1-distill-1.5b-100,curvature_max,3,0.34512867647058826,0.6548713235294117,0.3662683823529412,0.6337316176470589,True,0.5877757352941176,True,0.045955882352941235
2026-05-17_extract-deepseek-r1-distill-1.5b-100,curvature_mean,18,0.5900735294117647,0.5900735294117647,0.5652573529411765,0.5652573529411765,False,0.5877757352941176,False,-0.022518382352941124
2026-05-17_extract-deepseek-r1-distill-1.5b-100,curvature_p90,18,0.6507352941176471,0.6507352941176471,0.5951286764705882,0.5951286764705882,False,0.5877757352941176,True,0.007352941176470562
2026-05-17_extract-deepseek-r1-distill-1.5b-100,curvature_p99,0,0.6307444852941178,0.6307444852941178,0.5466452205882353,0.5466452205882353,False,0.5877757352941176,False,-0.04113051470588236
2026-05-17_extract-deepseek-r1-distill-1.5b-100,curvature_var,0,0.6107536764705882,0.6107536764705882,0.5560661764705882,0.5560661764705882,False,0.5877757352941176,False,-0.03170955882352944
2026-05-17_extract-deepseek-r1-distill-1.5b-100,mean_step_norm,14,0.5886948529411764,0.5886948529411764,0.6557904411764706,0.6557904411764706,False,0.5877757352941176,True,0.06801470588235292
2026-05-17_extract-deepseek-r1-distill-1.5b-100,trajectory_length,14,0.7329963235294118,0.7329963235294118,0.6525735294117647,0.6525735294117647,False,0.5877757352941176,True,0.06479779411764708
2026-05-17_extract-qwen-1.5b-nomath-100,curvature_max,25,0.64,0.64,0.5420833333333334,0.5420833333333334,False,0.72125,False,-0.17916666666666659
2026-05-17_extract-qwen-1.5b-nomath-100,curvature_mean,27,0.4008333333333333,0.5991666666666666,0.44208333333333333,0.5579166666666666,True,0.72125,False,-0.16333333333333333
2026-05-17_extract-qwen-1.5b-nomath-100,curvature_p90,9,0.57875,0.57875,0.5670833333333333,0.5670833333333333,False,0.72125,False,-0.15416666666666667
2026-05-17_extract-qwen-1.5b-nomath-100,curvature_p99,20,0.63375,0.63375,0.58875,0.58875,False,0.72125,False,-0.13249999999999995
2026-05-17_extract-qwen-1.5b-nomath-100,curvature_var,28,0.60375,0.60375,0.6445833333333333,0.6445833333333333,False,0.72125,False,-0.07666666666666666
2026-05-17_extract-qwen-1.5b-nomath-100,mean_step_norm,28,0.34249999999999997,0.6575,0.30624999999999997,0.6937500000000001,True,0.72125,False,-0.027499999999999858
2026-05-17_extract-qwen-1.5b-nomath-100,trajectory_length,10,0.7333333333333333,0.7333333333333333,0.6266666666666666,0.6266666666666666,False,0.72125,False,-0.09458333333333335
