permutation,baseline_accuracy,method_accuracy,delta_pp,repairs,breaks
0,0.94,0.88,-6.0,1,4
1,0.94,0.88,-6.0,1,4
2,0.94,0.86,-8.0,1,5
3,0.94,0.88,-6.0,1,4
4,0.94,0.86,-8.0,1,5
5,0.94,0.86,-8.0,1,5
6,0.94,0.92,-2.0,1,2
7,0.94,0.88,-6.0,1,4
8,0.94,0.9,-4.0,1,3
9,0.94,0.88,-6.0,1,4
10,0.94,0.9,-4.0,1,3
11,0.94,0.92,-2.0,1,2
12,0.94,0.92,-2.0,1,2
13,0.94,0.9,-4.0,1,3
14,0.94,0.92,-2.0,1,2
15,0.94,0.92,-2.0,1,2
16,0.94,0.9,-4.0,1,3
17,0.94,0.88,-6.0,1,4
18,0.94,0.88,-6.0,1,4
19,0.94,0.86,-8.0,1,5
20,0.94,0.88,-6.0,1,4
21,0.94,0.88,-6.0,1,4
22,0.94,0.9,-4.0,1,3
23,0.94,0.9,-4.0,1,3
24,0.94,0.9,-4.0,1,3
25,0.94,0.9,-4.0,1,3
26,0.94,0.88,-6.0,1,4
27,0.94,0.86,-8.0,1,5
28,0.94,0.88,-6.0,1,4
29,0.94,0.86,-8.0,1,5
30,0.94,0.86,-8.0,1,5
31,0.94,0.86,-8.0,1,5
32,0.94,0.88,-6.0,1,4
33,0.94,0.9,-4.0,1,3
34,0.94,0.92,-2.0,1,2
35,0.94,0.88,-6.0,1,4
36,0.94,0.92,-2.0,1,2
37,0.94,0.9,-4.0,1,3
38,0.94,0.92,-2.0,1,2
39,0.94,0.88,-6.0,1,4
40,0.94,0.9,-4.0,1,3
41,0.94,0.92,-2.0,1,2
42,0.94,0.88,-6.0,1,4
43,0.94,0.88,-6.0,1,4
44,0.94,0.88,-6.0,1,4
45,0.94,0.9,-4.0,1,3
46,0.94,0.88,-6.0,1,4
47,0.94,0.9,-4.0,1,3
48,0.94,0.9,-4.0,1,3
49,0.94,0.88,-6.0,1,4
50,0.94,0.88,-6.0,1,4
51,0.94,0.9,-4.0,1,3
52,0.94,0.88,-6.0,1,4
53,0.94,0.9,-4.0,1,3
54,0.94,0.86,-8.0,1,5
55,0.94,0.86,-8.0,1,5
56,0.94,0.9,-4.0,1,3
57,0.94,0.9,-4.0,1,3
58,0.94,0.9,-4.0,1,3
59,0.94,0.86,-8.0,1,5
60,0.94,0.9,-4.0,1,3
61,0.94,0.88,-6.0,1,4
62,0.94,0.9,-4.0,1,3
63,0.94,0.92,-2.0,1,2
64,0.94,0.86,-8.0,1,5
65,0.94,0.88,-6.0,1,4
66,0.94,0.88,-6.0,1,4
67,0.94,0.9,-4.0,1,3
68,0.94,0.88,-6.0,1,4
69,0.94,0.92,-2.0,1,2
70,0.94,0.86,-8.0,1,5
71,0.94,0.88,-6.0,1,4
72,0.94,0.88,-6.0,1,4
73,0.94,0.88,-6.0,1,4
74,0.94,0.9,-4.0,1,3
75,0.94,0.88,-6.0,1,4
76,0.94,0.9,-4.0,1,3
77,0.94,0.9,-4.0,1,3
78,0.94,0.9,-4.0,1,3
79,0.94,0.86,-8.0,1,5
80,0.94,0.88,-6.0,1,4
81,0.94,0.9,-4.0,1,3
82,0.94,0.88,-6.0,1,4
83,0.94,0.88,-6.0,1,4
84,0.94,0.88,-6.0,1,4
85,0.94,0.88,-6.0,1,4
86,0.94,0.9,-4.0,1,3
87,0.94,0.9,-4.0,1,3
88,0.94,0.9,-4.0,1,3
89,0.94,0.9,-4.0,1,3
90,0.94,0.88,-6.0,1,4
91,0.94,0.92,-2.0,1,2
92,0.94,0.86,-8.0,1,5
93,0.94,0.9,-4.0,1,3
94,0.94,0.9,-4.0,1,3
95,0.94,0.92,-2.0,1,2
96,0.94,0.9,-4.0,1,3
97,0.94,0.92,-2.0,1,2
98,0.94,0.92,-2.0,1,2
99,0.94,0.88,-6.0,1,4
100,0.94,0.9,-4.0,1,3
101,0.94,0.9,-4.0,1,3
102,0.94,0.88,-6.0,1,4
103,0.94,0.9,-4.0,1,3
104,0.94,0.88,-6.0,1,4
105,0.94,0.88,-6.0,1,4
106,0.94,0.88,-6.0,1,4
107,0.94,0.86,-8.0,1,5
108,0.94,0.92,-2.0,1,2
109,0.94,0.9,-4.0,1,3
110,0.94,0.88,-6.0,1,4
111,0.94,0.88,-6.0,1,4
112,0.94,0.88,-6.0,1,4
113,0.94,0.88,-6.0,1,4
114,0.94,0.9,-4.0,1,3
115,0.94,0.88,-6.0,1,4
116,0.94,0.92,-2.0,1,2
117,0.94,0.9,-4.0,1,3
118,0.94,0.86,-8.0,1,5
119,0.94,0.88,-6.0,1,4
120,0.94,0.88,-6.0,1,4
121,0.94,0.9,-4.0,1,3
122,0.94,0.9,-4.0,1,3
123,0.94,0.9,-4.0,1,3
124,0.94,0.88,-6.0,1,4
125,0.94,0.86,-8.0,1,5
126,0.94,0.86,-8.0,1,5
127,0.94,0.88,-6.0,1,4
128,0.94,0.88,-6.0,1,4
129,0.94,0.88,-6.0,1,4
130,0.94,0.88,-6.0,1,4
131,0.94,0.88,-6.0,1,4
132,0.94,0.9,-4.0,1,3
133,0.94,0.9,-4.0,1,3
134,0.94,0.88,-6.0,1,4
135,0.94,0.88,-6.0,1,4
136,0.94,0.92,-2.0,1,2
137,0.94,0.88,-6.0,1,4
138,0.94,0.88,-6.0,1,4
139,0.94,0.88,-6.0,1,4
140,0.94,0.9,-4.0,1,3
141,0.94,0.88,-6.0,1,4
142,0.94,0.88,-6.0,1,4
143,0.94,0.88,-6.0,1,4
144,0.94,0.92,-2.0,1,2
145,0.94,0.88,-6.0,1,4
146,0.94,0.9,-4.0,1,3
147,0.94,0.88,-6.0,1,4
148,0.94,0.9,-4.0,1,3
149,0.94,0.86,-8.0,1,5
150,0.94,0.88,-6.0,1,4
151,0.94,0.9,-4.0,1,3
152,0.94,0.88,-6.0,1,4
153,0.94,0.88,-6.0,1,4
154,0.94,0.9,-4.0,1,3
155,0.94,0.88,-6.0,1,4
156,0.94,0.86,-8.0,1,5
157,0.94,0.88,-6.0,1,4
158,0.94,0.88,-6.0,1,4
159,0.94,0.86,-8.0,1,5
160,0.94,0.9,-4.0,1,3
161,0.94,0.9,-4.0,1,3
162,0.94,0.88,-6.0,1,4
163,0.94,0.9,-4.0,1,3
164,0.94,0.88,-6.0,1,4
165,0.94,0.9,-4.0,1,3
166,0.94,0.88,-6.0,1,4
167,0.94,0.88,-6.0,1,4
168,0.94,0.88,-6.0,1,4
169,0.94,0.88,-6.0,1,4
170,0.94,0.86,-8.0,1,5
171,0.94,0.9,-4.0,1,3
172,0.94,0.9,-4.0,1,3
173,0.94,0.92,-2.0,1,2
174,0.94,0.88,-6.0,1,4
175,0.94,0.88,-6.0,1,4
176,0.94,0.9,-4.0,1,3
177,0.94,0.9,-4.0,1,3
178,0.94,0.9,-4.0,1,3
179,0.94,0.9,-4.0,1,3
180,0.94,0.88,-6.0,1,4
181,0.94,0.9,-4.0,1,3
182,0.94,0.9,-4.0,1,3
183,0.94,0.9,-4.0,1,3
184,0.94,0.88,-6.0,1,4
185,0.94,0.88,-6.0,1,4
186,0.94,0.9,-4.0,1,3
187,0.94,0.88,-6.0,1,4
188,0.94,0.92,-2.0,1,2
189,0.94,0.9,-4.0,1,3
190,0.94,0.92,-2.0,1,2
191,0.94,0.88,-6.0,1,4
192,0.94,0.88,-6.0,1,4
193,0.94,0.88,-6.0,1,4
194,0.94,0.9,-4.0,1,3
195,0.94,0.92,-2.0,1,2
196,0.94,0.9,-4.0,1,3
197,0.94,0.9,-4.0,1,3
198,0.94,0.86,-8.0,1,5
199,0.94,0.88,-6.0,1,4
200,0.94,0.88,-6.0,1,4
201,0.94,0.88,-6.0,1,4
202,0.94,0.86,-8.0,1,5
203,0.94,0.92,-2.0,1,2
204,0.94,0.9,-4.0,1,3
205,0.94,0.88,-6.0,1,4
206,0.94,0.92,-2.0,1,2
207,0.94,0.88,-6.0,1,4
208,0.94,0.88,-6.0,1,4
209,0.94,0.88,-6.0,1,4
210,0.94,0.88,-6.0,1,4
211,0.94,0.92,-2.0,1,2
212,0.94,0.9,-4.0,1,3
213,0.94,0.9,-4.0,1,3
214,0.94,0.9,-4.0,1,3
215,0.94,0.88,-6.0,1,4
216,0.94,0.92,-2.0,1,2
217,0.94,0.88,-6.0,1,4
218,0.94,0.9,-4.0,1,3
219,0.94,0.88,-6.0,1,4
220,0.94,0.9,-4.0,1,3
221,0.94,0.9,-4.0,1,3
222,0.94,0.9,-4.0,1,3
223,0.94,0.88,-6.0,1,4
224,0.94,0.9,-4.0,1,3
225,0.94,0.9,-4.0,1,3
226,0.94,0.88,-6.0,1,4
227,0.94,0.88,-6.0,1,4
228,0.94,0.88,-6.0,1,4
229,0.94,0.9,-4.0,1,3
230,0.94,0.88,-6.0,1,4
231,0.94,0.92,-2.0,1,2
232,0.94,0.9,-4.0,1,3
233,0.94,0.86,-8.0,1,5
234,0.94,0.92,-2.0,1,2
235,0.94,0.88,-6.0,1,4
236,0.94,0.88,-6.0,1,4
237,0.94,0.88,-6.0,1,4
238,0.94,0.88,-6.0,1,4
239,0.94,0.88,-6.0,1,4
240,0.94,0.9,-4.0,1,3
241,0.94,0.88,-6.0,1,4
242,0.94,0.9,-4.0,1,3
243,0.94,0.88,-6.0,1,4
244,0.94,0.88,-6.0,1,4
245,0.94,0.86,-8.0,1,5
246,0.94,0.9,-4.0,1,3
247,0.94,0.9,-4.0,1,3
248,0.94,0.9,-4.0,1,3
249,0.94,0.88,-6.0,1,4
250,0.94,0.88,-6.0,1,4
251,0.94,0.9,-4.0,1,3
252,0.94,0.88,-6.0,1,4
253,0.94,0.9,-4.0,1,3
254,0.94,0.88,-6.0,1,4
255,0.94,0.86,-8.0,1,5
256,0.94,0.88,-6.0,1,4
257,0.94,0.9,-4.0,1,3
258,0.94,0.88,-6.0,1,4
259,0.94,0.9,-4.0,1,3
260,0.94,0.9,-4.0,1,3
261,0.94,0.88,-6.0,1,4
262,0.94,0.92,-2.0,1,2
263,0.94,0.92,-2.0,1,2
264,0.94,0.9,-4.0,1,3
265,0.94,0.88,-6.0,1,4
266,0.94,0.88,-6.0,1,4
267,0.94,0.88,-6.0,1,4
268,0.94,0.9,-4.0,1,3
269,0.94,0.88,-6.0,1,4
270,0.94,0.9,-4.0,1,3
271,0.94,0.9,-4.0,1,3
272,0.94,0.86,-8.0,1,5
273,0.94,0.88,-6.0,1,4
274,0.94,0.9,-4.0,1,3
275,0.94,0.92,-2.0,1,2
276,0.94,0.86,-8.0,1,5
277,0.94,0.88,-6.0,1,4
278,0.94,0.9,-4.0,1,3
279,0.94,0.86,-8.0,1,5
280,0.94,0.9,-4.0,1,3
281,0.94,0.88,-6.0,1,4
282,0.94,0.88,-6.0,1,4
283,0.94,0.92,-2.0,1,2
284,0.94,0.9,-4.0,1,3
285,0.94,0.9,-4.0,1,3
286,0.94,0.9,-4.0,1,3
287,0.94,0.9,-4.0,1,3
288,0.94,0.92,-2.0,1,2
289,0.94,0.9,-4.0,1,3
290,0.94,0.9,-4.0,1,3
291,0.94,0.9,-4.0,1,3
292,0.94,0.88,-6.0,1,4
293,0.94,0.9,-4.0,1,3
294,0.94,0.86,-8.0,1,5
295,0.94,0.88,-6.0,1,4
296,0.94,0.86,-8.0,1,5
297,0.94,0.9,-4.0,1,3
298,0.94,0.9,-4.0,1,3
299,0.94,0.88,-6.0,1,4
300,0.94,0.9,-4.0,1,3
301,0.94,0.88,-6.0,1,4
302,0.94,0.92,-2.0,1,2
303,0.94,0.88,-6.0,1,4
304,0.94,0.9,-4.0,1,3
305,0.94,0.88,-6.0,1,4
306,0.94,0.9,-4.0,1,3
307,0.94,0.88,-6.0,1,4
308,0.94,0.88,-6.0,1,4
309,0.94,0.92,-2.0,1,2
310,0.94,0.9,-4.0,1,3
311,0.94,0.88,-6.0,1,4
312,0.94,0.9,-4.0,1,3
313,0.94,0.86,-8.0,1,5
314,0.94,0.88,-6.0,1,4
315,0.94,0.9,-4.0,1,3
316,0.94,0.9,-4.0,1,3
317,0.94,0.88,-6.0,1,4
318,0.94,0.88,-6.0,1,4
319,0.94,0.9,-4.0,1,3
320,0.94,0.88,-6.0,1,4
321,0.94,0.9,-4.0,1,3
322,0.94,0.92,-2.0,1,2
323,0.94,0.9,-4.0,1,3
324,0.94,0.9,-4.0,1,3
325,0.94,0.86,-8.0,1,5
326,0.94,0.88,-6.0,1,4
327,0.94,0.88,-6.0,1,4
328,0.94,0.88,-6.0,1,4
329,0.94,0.86,-8.0,1,5
330,0.94,0.88,-6.0,1,4
331,0.94,0.9,-4.0,1,3
332,0.94,0.92,-2.0,1,2
333,0.94,0.92,-2.0,1,2
334,0.94,0.9,-4.0,1,3
335,0.94,0.92,-2.0,1,2
336,0.94,0.88,-6.0,1,4
337,0.94,0.9,-4.0,1,3
338,0.94,0.88,-6.0,1,4
339,0.94,0.88,-6.0,1,4
340,0.94,0.92,-2.0,1,2
341,0.94,0.88,-6.0,1,4
342,0.94,0.88,-6.0,1,4
343,0.94,0.9,-4.0,1,3
344,0.94,0.92,-2.0,1,2
345,0.94,0.88,-6.0,1,4
346,0.94,0.88,-6.0,1,4
347,0.94,0.88,-6.0,1,4
348,0.94,0.88,-6.0,1,4
349,0.94,0.88,-6.0,1,4
350,0.94,0.92,-2.0,1,2
351,0.94,0.9,-4.0,1,3
352,0.94,0.92,-2.0,1,2
353,0.94,0.88,-6.0,1,4
354,0.94,0.9,-4.0,1,3
355,0.94,0.88,-6.0,1,4
356,0.94,0.88,-6.0,1,4
357,0.94,0.9,-4.0,1,3
358,0.94,0.88,-6.0,1,4
359,0.94,0.88,-6.0,1,4
360,0.94,0.88,-6.0,1,4
361,0.94,0.9,-4.0,1,3
362,0.94,0.9,-4.0,1,3
363,0.94,0.92,-2.0,1,2
364,0.94,0.9,-4.0,1,3
365,0.94,0.9,-4.0,1,3
366,0.94,0.92,-2.0,1,2
367,0.94,0.9,-4.0,1,3
368,0.94,0.9,-4.0,1,3
369,0.94,0.88,-6.0,1,4
370,0.94,0.9,-4.0,1,3
371,0.94,0.86,-8.0,1,5
372,0.94,0.92,-2.0,1,2
373,0.94,0.86,-8.0,1,5
374,0.94,0.86,-8.0,1,5
375,0.94,0.88,-6.0,1,4
376,0.94,0.86,-8.0,1,5
377,0.94,0.86,-8.0,1,5
378,0.94,0.9,-4.0,1,3
379,0.94,0.92,-2.0,1,2
380,0.94,0.88,-6.0,1,4
381,0.94,0.88,-6.0,1,4
382,0.94,0.86,-8.0,1,5
383,0.94,0.88,-6.0,1,4
384,0.94,0.88,-6.0,1,4
385,0.94,0.9,-4.0,1,3
386,0.94,0.9,-4.0,1,3
387,0.94,0.88,-6.0,1,4
388,0.94,0.88,-6.0,1,4
389,0.94,0.9,-4.0,1,3
390,0.94,0.88,-6.0,1,4
391,0.94,0.88,-6.0,1,4
392,0.94,0.86,-8.0,1,5
393,0.94,0.92,-2.0,1,2
394,0.94,0.88,-6.0,1,4
395,0.94,0.88,-6.0,1,4
396,0.94,0.88,-6.0,1,4
397,0.94,0.92,-2.0,1,2
398,0.94,0.9,-4.0,1,3
399,0.94,0.86,-8.0,1,5
400,0.94,0.9,-4.0,1,3
401,0.94,0.92,-2.0,1,2
402,0.94,0.9,-4.0,1,3
403,0.94,0.9,-4.0,1,3
404,0.94,0.9,-4.0,1,3
405,0.94,0.88,-6.0,1,4
406,0.94,0.88,-6.0,1,4
407,0.94,0.9,-4.0,1,3
408,0.94,0.9,-4.0,1,3
409,0.94,0.9,-4.0,1,3
410,0.94,0.88,-6.0,1,4
411,0.94,0.86,-8.0,1,5
412,0.94,0.9,-4.0,1,3
413,0.94,0.92,-2.0,1,2
414,0.94,0.88,-6.0,1,4
415,0.94,0.88,-6.0,1,4
416,0.94,0.9,-4.0,1,3
417,0.94,0.92,-2.0,1,2
418,0.94,0.86,-8.0,1,5
419,0.94,0.86,-8.0,1,5
420,0.94,0.9,-4.0,1,3
421,0.94,0.88,-6.0,1,4
422,0.94,0.9,-4.0,1,3
423,0.94,0.88,-6.0,1,4
424,0.94,0.9,-4.0,1,3
425,0.94,0.86,-8.0,1,5
426,0.94,0.9,-4.0,1,3
427,0.94,0.9,-4.0,1,3
428,0.94,0.86,-8.0,1,5
429,0.94,0.9,-4.0,1,3
430,0.94,0.88,-6.0,1,4
431,0.94,0.9,-4.0,1,3
432,0.94,0.86,-8.0,1,5
433,0.94,0.88,-6.0,1,4
434,0.94,0.86,-8.0,1,5
435,0.94,0.9,-4.0,1,3
436,0.94,0.9,-4.0,1,3
437,0.94,0.88,-6.0,1,4
438,0.94,0.92,-2.0,1,2
439,0.94,0.88,-6.0,1,4
440,0.94,0.9,-4.0,1,3
441,0.94,0.88,-6.0,1,4
442,0.94,0.9,-4.0,1,3
443,0.94,0.88,-6.0,1,4
444,0.94,0.92,-2.0,1,2
445,0.94,0.9,-4.0,1,3
446,0.94,0.86,-8.0,1,5
447,0.94,0.88,-6.0,1,4
448,0.94,0.9,-4.0,1,3
449,0.94,0.92,-2.0,1,2
450,0.94,0.88,-6.0,1,4
451,0.94,0.86,-8.0,1,5
452,0.94,0.86,-8.0,1,5
453,0.94,0.86,-8.0,1,5
454,0.94,0.9,-4.0,1,3
455,0.94,0.88,-6.0,1,4
456,0.94,0.9,-4.0,1,3
457,0.94,0.9,-4.0,1,3
458,0.94,0.88,-6.0,1,4
459,0.94,0.9,-4.0,1,3
460,0.94,0.88,-6.0,1,4
461,0.94,0.9,-4.0,1,3
462,0.94,0.88,-6.0,1,4
463,0.94,0.9,-4.0,1,3
464,0.94,0.88,-6.0,1,4
465,0.94,0.86,-8.0,1,5
466,0.94,0.88,-6.0,1,4
467,0.94,0.86,-8.0,1,5
468,0.94,0.88,-6.0,1,4
469,0.94,0.9,-4.0,1,3
470,0.94,0.88,-6.0,1,4
471,0.94,0.88,-6.0,1,4
472,0.94,0.9,-4.0,1,3
473,0.94,0.9,-4.0,1,3
474,0.94,0.88,-6.0,1,4
475,0.94,0.9,-4.0,1,3
476,0.94,0.9,-4.0,1,3
477,0.94,0.9,-4.0,1,3
478,0.94,0.88,-6.0,1,4
479,0.94,0.9,-4.0,1,3
480,0.94,0.9,-4.0,1,3
481,0.94,0.86,-8.0,1,5
482,0.94,0.88,-6.0,1,4
483,0.94,0.9,-4.0,1,3
484,0.94,0.86,-8.0,1,5
485,0.94,0.9,-4.0,1,3
486,0.94,0.86,-8.0,1,5
487,0.94,0.88,-6.0,1,4
488,0.94,0.9,-4.0,1,3
489,0.94,0.88,-6.0,1,4
490,0.94,0.9,-4.0,1,3
491,0.94,0.88,-6.0,1,4
492,0.94,0.92,-2.0,1,2
493,0.94,0.9,-4.0,1,3
494,0.94,0.88,-6.0,1,4
495,0.94,0.88,-6.0,1,4
496,0.94,0.9,-4.0,1,3
497,0.94,0.9,-4.0,1,3
498,0.94,0.88,-6.0,1,4
499,0.94,0.9,-4.0,1,3
500,0.94,0.9,-4.0,1,3
501,0.94,0.88,-6.0,1,4
502,0.94,0.9,-4.0,1,3
503,0.94,0.9,-4.0,1,3
504,0.94,0.88,-6.0,1,4
505,0.94,0.88,-6.0,1,4
506,0.94,0.88,-6.0,1,4
507,0.94,0.9,-4.0,1,3
508,0.94,0.92,-2.0,1,2
509,0.94,0.86,-8.0,1,5
510,0.94,0.9,-4.0,1,3
511,0.94,0.9,-4.0,1,3
512,0.94,0.88,-6.0,1,4
513,0.94,0.9,-4.0,1,3
514,0.94,0.9,-4.0,1,3
515,0.94,0.88,-6.0,1,4
516,0.94,0.9,-4.0,1,3
517,0.94,0.86,-8.0,1,5
518,0.94,0.88,-6.0,1,4
519,0.94,0.9,-4.0,1,3
520,0.94,0.88,-6.0,1,4
521,0.94,0.9,-4.0,1,3
522,0.94,0.9,-4.0,1,3
523,0.94,0.92,-2.0,1,2
524,0.94,0.9,-4.0,1,3
525,0.94,0.88,-6.0,1,4
526,0.94,0.88,-6.0,1,4
527,0.94,0.88,-6.0,1,4
528,0.94,0.9,-4.0,1,3
529,0.94,0.9,-4.0,1,3
530,0.94,0.88,-6.0,1,4
531,0.94,0.88,-6.0,1,4
532,0.94,0.9,-4.0,1,3
533,0.94,0.9,-4.0,1,3
534,0.94,0.88,-6.0,1,4
535,0.94,0.88,-6.0,1,4
536,0.94,0.88,-6.0,1,4
537,0.94,0.9,-4.0,1,3
538,0.94,0.92,-2.0,1,2
539,0.94,0.88,-6.0,1,4
540,0.94,0.9,-4.0,1,3
541,0.94,0.88,-6.0,1,4
542,0.94,0.88,-6.0,1,4
543,0.94,0.88,-6.0,1,4
544,0.94,0.88,-6.0,1,4
545,0.94,0.88,-6.0,1,4
546,0.94,0.92,-2.0,1,2
547,0.94,0.88,-6.0,1,4
548,0.94,0.88,-6.0,1,4
549,0.94,0.88,-6.0,1,4
550,0.94,0.9,-4.0,1,3
551,0.94,0.88,-6.0,1,4
552,0.94,0.88,-6.0,1,4
553,0.94,0.88,-6.0,1,4
554,0.94,0.88,-6.0,1,4
555,0.94,0.88,-6.0,1,4
556,0.94,0.88,-6.0,1,4
557,0.94,0.88,-6.0,1,4
558,0.94,0.88,-6.0,1,4
559,0.94,0.88,-6.0,1,4
560,0.94,0.88,-6.0,1,4
561,0.94,0.9,-4.0,1,3
562,0.94,0.88,-6.0,1,4
563,0.94,0.9,-4.0,1,3
564,0.94,0.88,-6.0,1,4
565,0.94,0.9,-4.0,1,3
566,0.94,0.88,-6.0,1,4
567,0.94,0.86,-8.0,1,5
568,0.94,0.88,-6.0,1,4
569,0.94,0.86,-8.0,1,5
570,0.94,0.88,-6.0,1,4
571,0.94,0.88,-6.0,1,4
572,0.94,0.88,-6.0,1,4
573,0.94,0.88,-6.0,1,4
574,0.94,0.86,-8.0,1,5
575,0.94,0.88,-6.0,1,4
576,0.94,0.9,-4.0,1,3
577,0.94,0.9,-4.0,1,3
578,0.94,0.86,-8.0,1,5
579,0.94,0.9,-4.0,1,3
580,0.94,0.88,-6.0,1,4
581,0.94,0.92,-2.0,1,2
582,0.94,0.88,-6.0,1,4
583,0.94,0.92,-2.0,1,2
584,0.94,0.88,-6.0,1,4
585,0.94,0.9,-4.0,1,3
586,0.94,0.92,-2.0,1,2
587,0.94,0.9,-4.0,1,3
588,0.94,0.88,-6.0,1,4
589,0.94,0.88,-6.0,1,4
590,0.94,0.9,-4.0,1,3
591,0.94,0.9,-4.0,1,3
592,0.94,0.88,-6.0,1,4
593,0.94,0.86,-8.0,1,5
594,0.94,0.88,-6.0,1,4
595,0.94,0.88,-6.0,1,4
596,0.94,0.92,-2.0,1,2
597,0.94,0.86,-8.0,1,5
598,0.94,0.88,-6.0,1,4
599,0.94,0.92,-2.0,1,2
600,0.94,0.86,-8.0,1,5
601,0.94,0.88,-6.0,1,4
602,0.94,0.9,-4.0,1,3
603,0.94,0.9,-4.0,1,3
604,0.94,0.9,-4.0,1,3
605,0.94,0.86,-8.0,1,5
606,0.94,0.86,-8.0,1,5
607,0.94,0.88,-6.0,1,4
608,0.94,0.88,-6.0,1,4
609,0.94,0.88,-6.0,1,4
610,0.94,0.86,-8.0,1,5
611,0.94,0.86,-8.0,1,5
612,0.94,0.88,-6.0,1,4
613,0.94,0.92,-2.0,1,2
614,0.94,0.9,-4.0,1,3
615,0.94,0.9,-4.0,1,3
616,0.94,0.9,-4.0,1,3
617,0.94,0.86,-8.0,1,5
618,0.94,0.92,-2.0,1,2
619,0.94,0.9,-4.0,1,3
620,0.94,0.9,-4.0,1,3
621,0.94,0.88,-6.0,1,4
622,0.94,0.86,-8.0,1,5
623,0.94,0.88,-6.0,1,4
624,0.94,0.9,-4.0,1,3
625,0.94,0.9,-4.0,1,3
626,0.94,0.86,-8.0,1,5
627,0.94,0.9,-4.0,1,3
628,0.94,0.9,-4.0,1,3
629,0.94,0.9,-4.0,1,3
630,0.94,0.9,-4.0,1,3
631,0.94,0.9,-4.0,1,3
632,0.94,0.88,-6.0,1,4
633,0.94,0.86,-8.0,1,5
634,0.94,0.92,-2.0,1,2
635,0.94,0.92,-2.0,1,2
636,0.94,0.86,-8.0,1,5
637,0.94,0.88,-6.0,1,4
638,0.94,0.9,-4.0,1,3
639,0.94,0.9,-4.0,1,3
640,0.94,0.88,-6.0,1,4
641,0.94,0.88,-6.0,1,4
642,0.94,0.9,-4.0,1,3
643,0.94,0.86,-8.0,1,5
644,0.94,0.88,-6.0,1,4
645,0.94,0.88,-6.0,1,4
646,0.94,0.9,-4.0,1,3
647,0.94,0.88,-6.0,1,4
648,0.94,0.88,-6.0,1,4
649,0.94,0.9,-4.0,1,3
650,0.94,0.9,-4.0,1,3
651,0.94,0.9,-4.0,1,3
652,0.94,0.9,-4.0,1,3
653,0.94,0.88,-6.0,1,4
654,0.94,0.9,-4.0,1,3
655,0.94,0.9,-4.0,1,3
656,0.94,0.9,-4.0,1,3
657,0.94,0.9,-4.0,1,3
658,0.94,0.88,-6.0,1,4
659,0.94,0.92,-2.0,1,2
660,0.94,0.88,-6.0,1,4
661,0.94,0.88,-6.0,1,4
662,0.94,0.86,-8.0,1,5
663,0.94,0.9,-4.0,1,3
664,0.94,0.9,-4.0,1,3
665,0.94,0.92,-2.0,1,2
666,0.94,0.86,-8.0,1,5
667,0.94,0.86,-8.0,1,5
668,0.94,0.88,-6.0,1,4
669,0.94,0.92,-2.0,1,2
670,0.94,0.92,-2.0,1,2
671,0.94,0.92,-2.0,1,2
672,0.94,0.88,-6.0,1,4
673,0.94,0.88,-6.0,1,4
674,0.94,0.86,-8.0,1,5
675,0.94,0.9,-4.0,1,3
676,0.94,0.92,-2.0,1,2
677,0.94,0.88,-6.0,1,4
678,0.94,0.92,-2.0,1,2
679,0.94,0.9,-4.0,1,3
680,0.94,0.86,-8.0,1,5
681,0.94,0.92,-2.0,1,2
682,0.94,0.88,-6.0,1,4
683,0.94,0.88,-6.0,1,4
684,0.94,0.9,-4.0,1,3
685,0.94,0.88,-6.0,1,4
686,0.94,0.9,-4.0,1,3
687,0.94,0.92,-2.0,1,2
688,0.94,0.92,-2.0,1,2
689,0.94,0.88,-6.0,1,4
690,0.94,0.86,-8.0,1,5
691,0.94,0.88,-6.0,1,4
692,0.94,0.9,-4.0,1,3
693,0.94,0.88,-6.0,1,4
694,0.94,0.88,-6.0,1,4
695,0.94,0.88,-6.0,1,4
696,0.94,0.88,-6.0,1,4
697,0.94,0.9,-4.0,1,3
698,0.94,0.9,-4.0,1,3
699,0.94,0.88,-6.0,1,4
700,0.94,0.9,-4.0,1,3
701,0.94,0.88,-6.0,1,4
702,0.94,0.88,-6.0,1,4
703,0.94,0.9,-4.0,1,3
704,0.94,0.88,-6.0,1,4
705,0.94,0.86,-8.0,1,5
706,0.94,0.88,-6.0,1,4
707,0.94,0.88,-6.0,1,4
708,0.94,0.88,-6.0,1,4
709,0.94,0.9,-4.0,1,3
710,0.94,0.88,-6.0,1,4
711,0.94,0.9,-4.0,1,3
712,0.94,0.92,-2.0,1,2
713,0.94,0.88,-6.0,1,4
714,0.94,0.88,-6.0,1,4
715,0.94,0.86,-8.0,1,5
716,0.94,0.88,-6.0,1,4
717,0.94,0.88,-6.0,1,4
718,0.94,0.9,-4.0,1,3
719,0.94,0.9,-4.0,1,3
720,0.94,0.88,-6.0,1,4
721,0.94,0.88,-6.0,1,4
722,0.94,0.86,-8.0,1,5
723,0.94,0.9,-4.0,1,3
724,0.94,0.9,-4.0,1,3
725,0.94,0.9,-4.0,1,3
726,0.94,0.9,-4.0,1,3
727,0.94,0.9,-4.0,1,3
728,0.94,0.88,-6.0,1,4
729,0.94,0.9,-4.0,1,3
730,0.94,0.86,-8.0,1,5
731,0.94,0.88,-6.0,1,4
732,0.94,0.88,-6.0,1,4
733,0.94,0.9,-4.0,1,3
734,0.94,0.9,-4.0,1,3
735,0.94,0.9,-4.0,1,3
736,0.94,0.88,-6.0,1,4
737,0.94,0.9,-4.0,1,3
738,0.94,0.88,-6.0,1,4
739,0.94,0.92,-2.0,1,2
740,0.94,0.88,-6.0,1,4
741,0.94,0.88,-6.0,1,4
742,0.94,0.9,-4.0,1,3
743,0.94,0.88,-6.0,1,4
744,0.94,0.88,-6.0,1,4
745,0.94,0.9,-4.0,1,3
746,0.94,0.88,-6.0,1,4
747,0.94,0.88,-6.0,1,4
748,0.94,0.88,-6.0,1,4
749,0.94,0.88,-6.0,1,4
750,0.94,0.88,-6.0,1,4
751,0.94,0.92,-2.0,1,2
752,0.94,0.88,-6.0,1,4
753,0.94,0.9,-4.0,1,3
754,0.94,0.86,-8.0,1,5
755,0.94,0.9,-4.0,1,3
756,0.94,0.9,-4.0,1,3
757,0.94,0.88,-6.0,1,4
758,0.94,0.88,-6.0,1,4
759,0.94,0.88,-6.0,1,4
760,0.94,0.9,-4.0,1,3
761,0.94,0.9,-4.0,1,3
762,0.94,0.9,-4.0,1,3
763,0.94,0.88,-6.0,1,4
764,0.94,0.9,-4.0,1,3
765,0.94,0.92,-2.0,1,2
766,0.94,0.92,-2.0,1,2
767,0.94,0.86,-8.0,1,5
768,0.94,0.9,-4.0,1,3
769,0.94,0.88,-6.0,1,4
770,0.94,0.9,-4.0,1,3
771,0.94,0.9,-4.0,1,3
772,0.94,0.88,-6.0,1,4
773,0.94,0.92,-2.0,1,2
774,0.94,0.88,-6.0,1,4
775,0.94,0.9,-4.0,1,3
776,0.94,0.86,-8.0,1,5
777,0.94,0.9,-4.0,1,3
778,0.94,0.86,-8.0,1,5
779,0.94,0.9,-4.0,1,3
780,0.94,0.88,-6.0,1,4
781,0.94,0.9,-4.0,1,3
782,0.94,0.88,-6.0,1,4
783,0.94,0.88,-6.0,1,4
784,0.94,0.86,-8.0,1,5
785,0.94,0.86,-8.0,1,5
786,0.94,0.86,-8.0,1,5
787,0.94,0.9,-4.0,1,3
788,0.94,0.88,-6.0,1,4
789,0.94,0.9,-4.0,1,3
790,0.94,0.9,-4.0,1,3
791,0.94,0.88,-6.0,1,4
792,0.94,0.86,-8.0,1,5
793,0.94,0.9,-4.0,1,3
794,0.94,0.88,-6.0,1,4
795,0.94,0.9,-4.0,1,3
796,0.94,0.88,-6.0,1,4
797,0.94,0.88,-6.0,1,4
798,0.94,0.9,-4.0,1,3
799,0.94,0.88,-6.0,1,4
800,0.94,0.88,-6.0,1,4
801,0.94,0.88,-6.0,1,4
802,0.94,0.88,-6.0,1,4
803,0.94,0.88,-6.0,1,4
804,0.94,0.88,-6.0,1,4
805,0.94,0.88,-6.0,1,4
806,0.94,0.88,-6.0,1,4
807,0.94,0.88,-6.0,1,4
808,0.94,0.86,-8.0,1,5
809,0.94,0.9,-4.0,1,3
810,0.94,0.88,-6.0,1,4
811,0.94,0.9,-4.0,1,3
812,0.94,0.88,-6.0,1,4
813,0.94,0.88,-6.0,1,4
814,0.94,0.9,-4.0,1,3
815,0.94,0.9,-4.0,1,3
816,0.94,0.88,-6.0,1,4
817,0.94,0.9,-4.0,1,3
818,0.94,0.88,-6.0,1,4
819,0.94,0.88,-6.0,1,4
820,0.94,0.9,-4.0,1,3
821,0.94,0.92,-2.0,1,2
822,0.94,0.9,-4.0,1,3
823,0.94,0.92,-2.0,1,2
824,0.94,0.88,-6.0,1,4
825,0.94,0.92,-2.0,1,2
826,0.94,0.9,-4.0,1,3
827,0.94,0.9,-4.0,1,3
828,0.94,0.92,-2.0,1,2
829,0.94,0.88,-6.0,1,4
830,0.94,0.9,-4.0,1,3
831,0.94,0.88,-6.0,1,4
832,0.94,0.88,-6.0,1,4
833,0.94,0.88,-6.0,1,4
834,0.94,0.88,-6.0,1,4
835,0.94,0.9,-4.0,1,3
836,0.94,0.9,-4.0,1,3
837,0.94,0.9,-4.0,1,3
838,0.94,0.86,-8.0,1,5
839,0.94,0.92,-2.0,1,2
840,0.94,0.9,-4.0,1,3
841,0.94,0.88,-6.0,1,4
842,0.94,0.9,-4.0,1,3
843,0.94,0.88,-6.0,1,4
844,0.94,0.9,-4.0,1,3
845,0.94,0.9,-4.0,1,3
846,0.94,0.92,-2.0,1,2
847,0.94,0.9,-4.0,1,3
848,0.94,0.9,-4.0,1,3
849,0.94,0.9,-4.0,1,3
850,0.94,0.9,-4.0,1,3
851,0.94,0.86,-8.0,1,5
852,0.94,0.88,-6.0,1,4
853,0.94,0.9,-4.0,1,3
854,0.94,0.9,-4.0,1,3
855,0.94,0.88,-6.0,1,4
856,0.94,0.88,-6.0,1,4
857,0.94,0.9,-4.0,1,3
858,0.94,0.92,-2.0,1,2
859,0.94,0.9,-4.0,1,3
860,0.94,0.9,-4.0,1,3
861,0.94,0.9,-4.0,1,3
862,0.94,0.88,-6.0,1,4
863,0.94,0.9,-4.0,1,3
864,0.94,0.88,-6.0,1,4
865,0.94,0.88,-6.0,1,4
866,0.94,0.88,-6.0,1,4
867,0.94,0.92,-2.0,1,2
868,0.94,0.86,-8.0,1,5
869,0.94,0.88,-6.0,1,4
870,0.94,0.9,-4.0,1,3
871,0.94,0.9,-4.0,1,3
872,0.94,0.88,-6.0,1,4
873,0.94,0.9,-4.0,1,3
874,0.94,0.92,-2.0,1,2
875,0.94,0.9,-4.0,1,3
876,0.94,0.88,-6.0,1,4
877,0.94,0.9,-4.0,1,3
878,0.94,0.9,-4.0,1,3
879,0.94,0.9,-4.0,1,3
880,0.94,0.88,-6.0,1,4
881,0.94,0.9,-4.0,1,3
882,0.94,0.9,-4.0,1,3
883,0.94,0.9,-4.0,1,3
884,0.94,0.9,-4.0,1,3
885,0.94,0.88,-6.0,1,4
886,0.94,0.88,-6.0,1,4
887,0.94,0.86,-8.0,1,5
888,0.94,0.92,-2.0,1,2
889,0.94,0.92,-2.0,1,2
890,0.94,0.88,-6.0,1,4
891,0.94,0.9,-4.0,1,3
892,0.94,0.88,-6.0,1,4
893,0.94,0.92,-2.0,1,2
894,0.94,0.88,-6.0,1,4
895,0.94,0.88,-6.0,1,4
896,0.94,0.9,-4.0,1,3
897,0.94,0.88,-6.0,1,4
898,0.94,0.9,-4.0,1,3
899,0.94,0.92,-2.0,1,2
900,0.94,0.9,-4.0,1,3
901,0.94,0.88,-6.0,1,4
902,0.94,0.88,-6.0,1,4
903,0.94,0.88,-6.0,1,4
904,0.94,0.88,-6.0,1,4
905,0.94,0.88,-6.0,1,4
906,0.94,0.9,-4.0,1,3
907,0.94,0.92,-2.0,1,2
908,0.94,0.9,-4.0,1,3
909,0.94,0.9,-4.0,1,3
910,0.94,0.88,-6.0,1,4
911,0.94,0.9,-4.0,1,3
912,0.94,0.92,-2.0,1,2
913,0.94,0.92,-2.0,1,2
914,0.94,0.9,-4.0,1,3
915,0.94,0.9,-4.0,1,3
916,0.94,0.9,-4.0,1,3
917,0.94,0.86,-8.0,1,5
918,0.94,0.88,-6.0,1,4
919,0.94,0.9,-4.0,1,3
920,0.94,0.88,-6.0,1,4
921,0.94,0.88,-6.0,1,4
922,0.94,0.86,-8.0,1,5
923,0.94,0.88,-6.0,1,4
924,0.94,0.88,-6.0,1,4
925,0.94,0.9,-4.0,1,3
926,0.94,0.92,-2.0,1,2
927,0.94,0.9,-4.0,1,3
928,0.94,0.88,-6.0,1,4
929,0.94,0.88,-6.0,1,4
930,0.94,0.9,-4.0,1,3
931,0.94,0.88,-6.0,1,4
932,0.94,0.88,-6.0,1,4
933,0.94,0.92,-2.0,1,2
934,0.94,0.9,-4.0,1,3
935,0.94,0.88,-6.0,1,4
936,0.94,0.92,-2.0,1,2
937,0.94,0.9,-4.0,1,3
938,0.94,0.92,-2.0,1,2
939,0.94,0.9,-4.0,1,3
940,0.94,0.88,-6.0,1,4
941,0.94,0.9,-4.0,1,3
942,0.94,0.9,-4.0,1,3
943,0.94,0.88,-6.0,1,4
944,0.94,0.9,-4.0,1,3
945,0.94,0.88,-6.0,1,4
946,0.94,0.88,-6.0,1,4
947,0.94,0.86,-8.0,1,5
948,0.94,0.88,-6.0,1,4
949,0.94,0.88,-6.0,1,4
950,0.94,0.9,-4.0,1,3
951,0.94,0.88,-6.0,1,4
952,0.94,0.9,-4.0,1,3
953,0.94,0.92,-2.0,1,2
954,0.94,0.88,-6.0,1,4
955,0.94,0.92,-2.0,1,2
956,0.94,0.88,-6.0,1,4
957,0.94,0.88,-6.0,1,4
958,0.94,0.88,-6.0,1,4
959,0.94,0.9,-4.0,1,3
960,0.94,0.9,-4.0,1,3
961,0.94,0.88,-6.0,1,4
962,0.94,0.9,-4.0,1,3
963,0.94,0.86,-8.0,1,5
964,0.94,0.9,-4.0,1,3
965,0.94,0.88,-6.0,1,4
966,0.94,0.92,-2.0,1,2
967,0.94,0.88,-6.0,1,4
968,0.94,0.92,-2.0,1,2
969,0.94,0.9,-4.0,1,3
970,0.94,0.9,-4.0,1,3
971,0.94,0.9,-4.0,1,3
972,0.94,0.86,-8.0,1,5
973,0.94,0.88,-6.0,1,4
974,0.94,0.88,-6.0,1,4
975,0.94,0.9,-4.0,1,3
976,0.94,0.88,-6.0,1,4
977,0.94,0.88,-6.0,1,4
978,0.94,0.9,-4.0,1,3
979,0.94,0.9,-4.0,1,3
980,0.94,0.92,-2.0,1,2
981,0.94,0.88,-6.0,1,4
982,0.94,0.86,-8.0,1,5
983,0.94,0.88,-6.0,1,4
984,0.94,0.86,-8.0,1,5
985,0.94,0.88,-6.0,1,4
986,0.94,0.92,-2.0,1,2
987,0.94,0.9,-4.0,1,3
988,0.94,0.86,-8.0,1,5
989,0.94,0.88,-6.0,1,4
990,0.94,0.9,-4.0,1,3
991,0.94,0.88,-6.0,1,4
992,0.94,0.9,-4.0,1,3
993,0.94,0.88,-6.0,1,4
994,0.94,0.9,-4.0,1,3
995,0.94,0.88,-6.0,1,4
996,0.94,0.86,-8.0,1,5
997,0.94,0.9,-4.0,1,3
998,0.94,0.9,-4.0,1,3
999,0.94,0.88,-6.0,1,4
