metric,layer,sign,geo_vote,geo_then_majority,majority_tiebreak,combined_mult,combined_log,best,delta_vs_majority
curvature_max,8,min,0.79,0.79,0.79,0.79,0.79,0.79,0.030000000000000027
curvature_max,12,min,0.78,0.79,0.78,0.78,0.78,0.79,0.030000000000000027
curvature_mean,14,min,0.78,0.78,0.77,0.78,0.78,0.78,0.020000000000000018
curvature_mean,16,min,0.78,0.78,0.77,0.78,0.78,0.78,0.020000000000000018
curvature_var,12,max,0.76,0.78,0.77,0.76,0.76,0.78,0.020000000000000018
curvature_var,8,max,0.76,0.78,0.77,0.76,0.76,0.78,0.020000000000000018
mean_step_norm,28,min,0.78,0.78,0.77,0.78,0.78,0.78,0.020000000000000018
curvature_max,4,min,0.77,0.78,0.78,0.77,0.77,0.78,0.020000000000000018
curvature_p99,16,min,0.78,0.78,0.78,0.78,0.78,0.78,0.020000000000000018
mean_step_norm,20,min,0.77,0.77,0.77,0.77,0.77,0.77,0.010000000000000009
mean_step_norm,12,min,0.77,0.77,0.77,0.77,0.77,0.77,0.010000000000000009
trajectory_length,4,min,0.76,0.77,0.76,0.77,0.77,0.77,0.010000000000000009
trajectory_length,24,min,0.76,0.77,0.76,0.77,0.77,0.77,0.010000000000000009
trajectory_length,8,min,0.76,0.77,0.76,0.77,0.77,0.77,0.010000000000000009
trajectory_length,14,min,0.76,0.77,0.76,0.77,0.77,0.77,0.010000000000000009
trajectory_length,12,min,0.76,0.77,0.76,0.77,0.77,0.77,0.010000000000000009
curvature_mean,8,min,0.77,0.77,0.77,0.77,0.77,0.77,0.010000000000000009
curvature_mean,20,min,0.77,0.77,0.77,0.77,0.77,0.77,0.010000000000000009
curvature_mean,28,max,0.76,0.77,0.76,0.76,0.76,0.77,0.010000000000000009
curvature_mean,24,min,0.76,0.76,0.77,0.76,0.76,0.77,0.010000000000000009
curvature_max,24,min,0.77,0.77,0.77,0.77,0.77,0.77,0.010000000000000009
curvature_max,16,min,0.77,0.77,0.77,0.77,0.77,0.77,0.010000000000000009
curvature_var,28,max,0.75,0.77,0.76,0.75,0.75,0.77,0.010000000000000009
curvature_max,14,min,0.76,0.77,0.76,0.76,0.76,0.77,0.010000000000000009
curvature_var,24,min,0.76,0.76,0.77,0.77,0.77,0.77,0.010000000000000009
curvature_var,14,min,0.76,0.76,0.76,0.77,0.77,0.77,0.010000000000000009
curvature_p90,28,max,0.76,0.77,0.76,0.76,0.76,0.77,0.010000000000000009
curvature_p90,8,max,0.76,0.77,0.76,0.76,0.76,0.77,0.010000000000000009
curvature_p99,28,max,0.77,0.77,0.77,0.77,0.77,0.77,0.010000000000000009
curvature_p99,20,min,0.76,0.76,0.77,0.76,0.76,0.77,0.010000000000000009
curvature_p99,14,min,0.77,0.77,0.77,0.77,0.77,0.77,0.010000000000000009
curvature_p90,16,min,0.77,0.77,0.76,0.77,0.77,0.77,0.010000000000000009
curvature_var,4,max,0.75,0.77,0.76,0.75,0.75,0.77,0.010000000000000009
curvature_p90,4,max,0.76,0.77,0.76,0.76,0.76,0.77,0.010000000000000009
curvature_var,16,min,0.76,0.76,0.76,0.77,0.77,0.77,0.010000000000000009
curvature_var,20,max,0.75,0.77,0.76,0.75,0.75,0.77,0.010000000000000009
mean_step_norm,4,max,0.76,0.77,0.76,0.76,0.76,0.77,0.010000000000000009
trajectory_length,28,min,0.76,0.77,0.76,0.77,0.77,0.77,0.010000000000000009
trajectory_length,20,min,0.76,0.77,0.76,0.77,0.77,0.77,0.010000000000000009
trajectory_length,16,min,0.76,0.77,0.76,0.77,0.77,0.77,0.010000000000000009
curvature_mean,12,min,0.77,0.77,0.76,0.77,0.77,0.77,0.010000000000000009
curvature_mean,4,max,0.76,0.77,0.76,0.76,0.76,0.77,0.010000000000000009
curvature_mean,12,max,0.75,0.76,0.75,0.75,0.75,0.76,0.0
mean_step_norm,16,min,0.75,0.76,0.75,0.75,0.75,0.76,0.0
mean_step_norm,14,max,0.75,0.76,0.75,0.75,0.75,0.76,0.0
mean_step_norm,16,max,0.76,0.76,0.76,0.76,0.76,0.76,0.0
mean_step_norm,14,min,0.76,0.76,0.76,0.76,0.76,0.76,0.0
mean_step_norm,8,max,0.75,0.76,0.76,0.75,0.75,0.76,0.0
curvature_p99,24,max,0.75,0.76,0.75,0.75,0.75,0.76,0.0
curvature_p99,12,max,0.75,0.76,0.75,0.75,0.75,0.76,0.0
curvature_p99,12,min,0.75,0.75,0.76,0.75,0.75,0.76,0.0
curvature_p90,24,max,0.75,0.76,0.75,0.75,0.75,0.76,0.0
curvature_p99,8,max,0.75,0.76,0.75,0.75,0.75,0.76,0.0
curvature_p99,4,min,0.75,0.75,0.76,0.75,0.75,0.76,0.0
curvature_p99,8,min,0.76,0.76,0.76,0.76,0.76,0.76,0.0
curvature_p99,4,max,0.75,0.76,0.75,0.75,0.75,0.76,0.0
curvature_p99,24,min,0.76,0.76,0.76,0.76,0.76,0.76,0.0
curvature_p99,20,max,0.75,0.76,0.75,0.75,0.75,0.76,0.0
curvature_p90,12,max,0.75,0.76,0.75,0.75,0.75,0.76,0.0
curvature_p90,12,min,0.75,0.75,0.76,0.75,0.75,0.76,0.0
curvature_p90,14,min,0.75,0.75,0.76,0.75,0.75,0.76,0.0
curvature_p90,14,max,0.75,0.76,0.75,0.75,0.75,0.76,0.0
curvature_var,16,max,0.74,0.76,0.75,0.74,0.74,0.76,0.0
curvature_var,14,max,0.74,0.76,0.75,0.74,0.74,0.76,0.0
curvature_max,28,max,0.76,0.76,0.76,0.76,0.76,0.76,0.0
curvature_max,28,min,0.75,0.76,0.75,0.75,0.75,0.76,0.0
curvature_max,20,min,0.76,0.76,0.76,0.76,0.76,0.76,0.0
curvature_max,20,max,0.75,0.76,0.75,0.75,0.75,0.76,0.0
mean_step_norm,24,max,0.75,0.76,0.75,0.75,0.75,0.76,0.0
mean_step_norm,24,min,0.76,0.76,0.76,0.76,0.76,0.76,0.0
curvature_p90,24,min,0.75,0.75,0.76,0.75,0.75,0.76,0.0
curvature_p90,20,max,0.75,0.76,0.75,0.75,0.75,0.76,0.0
curvature_p90,16,max,0.75,0.76,0.75,0.75,0.75,0.76,0.0
curvature_p90,20,min,0.76,0.76,0.76,0.76,0.76,0.76,0.0
trajectory_length,4,max,0.73,0.74,0.75,0.75,0.75,0.75,-0.010000000000000009
trajectory_length,8,max,0.73,0.74,0.75,0.75,0.75,0.75,-0.010000000000000009
trajectory_length,14,max,0.74,0.75,0.75,0.75,0.75,0.75,-0.010000000000000009
trajectory_length,12,max,0.74,0.75,0.75,0.75,0.75,0.75,-0.010000000000000009
trajectory_length,24,max,0.73,0.74,0.75,0.75,0.75,0.75,-0.010000000000000009
trajectory_length,28,max,0.73,0.74,0.75,0.75,0.75,0.75,-0.010000000000000009
curvature_mean,28,min,0.74,0.74,0.75,0.74,0.74,0.75,-0.010000000000000009
curvature_mean,24,max,0.74,0.75,0.74,0.74,0.74,0.75,-0.010000000000000009
curvature_mean,16,max,0.74,0.75,0.74,0.74,0.74,0.75,-0.010000000000000009
curvature_mean,20,max,0.74,0.75,0.74,0.74,0.74,0.75,-0.010000000000000009
curvature_mean,8,max,0.74,0.75,0.74,0.74,0.74,0.75,-0.010000000000000009
curvature_mean,4,min,0.75,0.75,0.75,0.75,0.75,0.75,-0.010000000000000009
curvature_mean,14,max,0.74,0.75,0.74,0.74,0.74,0.75,-0.010000000000000009
mean_step_norm,28,max,0.74,0.75,0.74,0.74,0.74,0.75,-0.010000000000000009
mean_step_norm,12,max,0.74,0.75,0.74,0.74,0.74,0.75,-0.010000000000000009
mean_step_norm,8,min,0.75,0.75,0.75,0.75,0.75,0.75,-0.010000000000000009
mean_step_norm,20,max,0.74,0.75,0.74,0.74,0.74,0.75,-0.010000000000000009
mean_step_norm,4,min,0.75,0.75,0.75,0.75,0.75,0.75,-0.010000000000000009
trajectory_length,20,max,0.74,0.75,0.75,0.75,0.75,0.75,-0.010000000000000009
trajectory_length,16,max,0.74,0.75,0.75,0.75,0.75,0.75,-0.010000000000000009
curvature_var,4,min,0.73,0.73,0.75,0.74,0.74,0.75,-0.010000000000000009
curvature_var,20,min,0.74,0.74,0.75,0.75,0.75,0.75,-0.010000000000000009
curvature_var,24,max,0.73,0.75,0.74,0.73,0.73,0.75,-0.010000000000000009
curvature_var,28,min,0.74,0.74,0.75,0.74,0.74,0.75,-0.010000000000000009
curvature_p90,8,min,0.75,0.75,0.75,0.75,0.75,0.75,-0.010000000000000009
curvature_p90,4,min,0.74,0.74,0.75,0.74,0.74,0.75,-0.010000000000000009
curvature_p90,28,min,0.74,0.74,0.75,0.74,0.74,0.75,-0.010000000000000009
curvature_max,16,max,0.74,0.75,0.74,0.74,0.74,0.75,-0.010000000000000009
curvature_max,14,max,0.75,0.75,0.75,0.75,0.75,0.75,-0.010000000000000009
curvature_max,24,max,0.74,0.75,0.74,0.74,0.74,0.75,-0.010000000000000009
curvature_p99,14,max,0.74,0.75,0.74,0.74,0.74,0.75,-0.010000000000000009
curvature_var,12,min,0.73,0.73,0.74,0.74,0.74,0.74,-0.020000000000000018
curvature_max,4,max,0.74,0.74,0.74,0.74,0.74,0.74,-0.020000000000000018
curvature_var,8,min,0.73,0.73,0.74,0.74,0.74,0.74,-0.020000000000000018
curvature_p99,16,max,0.73,0.74,0.73,0.73,0.73,0.74,-0.020000000000000018
curvature_p99,28,min,0.73,0.74,0.74,0.73,0.73,0.74,-0.020000000000000018
curvature_max,8,max,0.72,0.73,0.72,0.72,0.72,0.73,-0.030000000000000027
curvature_max,12,max,0.73,0.73,0.73,0.73,0.73,0.73,-0.030000000000000027
