sample_id,answer,correct_answer,count,count_frac,logprob_weight_sum,geo_weight_sum,mean_length,min_geo_value,max_geo_conf,n_candidates,count_frac_z,logprob_weight_sum_z,geo_weight_sum_z,mean_length_z,max_geo_conf_z
0,"\left(3, \frac{\pi}{2}\right)",True,2,0.25,7.349673967653678e-09,0.24499987677698581,501.5,116.08756256103516,-116.08756256103516,2,-1.0,-1.0,-1.0,-1.0,-1.0
0,"(3, \frac{\pi}{2})",False,6,0.75,0.9999999926503259,0.7550001232230141,723.5,95.7021713256836,-95.7021713256836,2,1.0,1.0,0.9999999999999998,1.0,1.0
1,p - q,True,6,0.75,0.9999999999999998,0.7571611291430888,1299.1666666666667,100.17301177978516,-100.17301177978516,3,1.4142135623730951,1.4142135623730951,1.414212483390884,1.4119812541423586,1.410632112535933
1,6q - 2p,False,1,0.125,7.258387379175036e-27,0.12096603183582921,897.0,110.5772933959961,-110.5772933959961,3,-0.7071067811865475,-0.7071067811865476,-0.7086191415737553,-0.637203248411077,-0.7924239337062805
1,(q-1)^2,False,1,0.125,1.2931198169356448e-25,0.12187283902108184,870.0,109.75453186035156,-109.75453186035156,3,-0.7071067811865475,-0.7071067811865476,-0.7055933418171285,-0.7747780057312827,-0.6182081788296524
2,\frac{14}{3},True,8,1.0,1.0,1.0,1205.25,98.70407104492188,-98.70407104492188,1,0.0,0.0,0.0,0.0,0.0
3,9,True,8,1.0,0.9999999999999999,1.0,362.0,117.123779296875,-117.123779296875,1,0.0,0.0,0.0,0.0,0.0
4,\text{Evelyn},True,3,0.375,5.434263489583584e-14,0.36580951094309383,637.0,111.84406280517578,-111.84406280517578,5,1.7499999999999998,-0.5000124218801032,1.7527063045155191,-0.6384890033167459,-0.9351231357414268
4,Evelyn,False,2,0.25,0.9999801253372509,0.2465752819881208,730.0,110.67190551757812,-110.67190551757812,5,0.4999999999999999,1.99999999962968,0.4923287567212229,-0.4662747419813127,-0.5804531297971466
4,\text{Evingyn},False,1,0.125,2.608579523918012e-10,0.12731921866743506,867.0,108.56382751464844,-108.56382751464844,5,-0.7500000000000001,-0.500012421228078,-0.7682795934572191,-0.21258276560545944,0.05740669135572714
4,3.6,False,1,0.125,1.987440183168664e-05,0.12542920545887173,627.0,110.19970703125,-110.19970703125,5,-0.7500000000000001,-0.49996273464127267,-0.7882581703640857,-0.6570066658259323,-0.43757585408944993
4,Eve,False,1,0.125,5.192901417479412e-15,0.13486678294247853,2048.0,102.4882583618164,-102.4882583618164,5,-0.7500000000000001,-0.5000124218802261,-0.6884972974154384,1.9743531767294507,1.8957454282722919
5,42,True,8,1.0,0.9999999999999999,1.0,322.125,119.37619018554688,-119.37619018554688,1,0.0,0.0,0.0,0.0,0.0
6,27,True,8,1.0,0.9999999999999998,1.0,1674.75,42.60089111328125,-42.60089111328125,1,0.0,0.0,0.0,0.0,0.0
7,90,False,1,0.125,0.9999999983107843,0.11614402708907266,518.0,113.27792358398438,-113.27792358398438,7,-0.4082482904638628,2.449489742783178,-0.6376307964118897,-2.02243759616958,-2.1834718921804783
7,40.9,False,1,0.125,2.2972696964858824e-21,0.12927938266113506,2048.0,101.76838684082031,-101.76838684082031,7,-0.4082482904638628,-0.4082482912684189,-0.32409540401192766,0.6095943201043373,0.8030521791608085
7,120,False,1,0.125,7.149936795348109e-36,0.1274973710920434,2048.0,103.19078826904297,-103.19078826904297,7,-0.4082482904638628,-0.4082482912684189,-0.3666312678879522,0.6095943201043373,0.43396381363469355
7,742,False,2,0.25,1.6892077494212952e-09,0.2449132856813217,1097.5,105.8476791381836,-105.8476791381836,7,2.4494897427831783,-0.40824828644110567,2.4360370460973684,-1.0255340043521062,-0.25545303368786787
7,79.1^\circ,False,1,0.125,2.3657040894519986e-31,0.12854413909498785,2048.0,102.35047912597656,-102.35047912597656,7,-0.4082482904638628,-0.4082482912684189,-0.34164535755196096,0.6095943201043373,0.6520093822043006
7,139.4,False,1,0.125,7.98380250574316e-15,0.12391315433855929,2048.0,106.17560577392578,-106.17560577392578,7,-0.4082482904638628,-0.40824829126839607,-0.4521850087124735,0.6095943201043373,-0.3405442769874461
7,70.53,False,1,0.125,9.779134812461018e-42,0.12970864004287982,2048.0,101.43159484863281,-101.43159484863281,7,-0.4082482904638628,-0.4082482912684189,-0.3138492115211679,0.6095943201043373,0.8904438278559969
8,3\sqrt{13},True,8,1.0,0.9999999999999999,1.0,763.5,94.8154525756836,-94.8154525756836,1,0.0,0.0,0.0,0.0,0.0
9,5,False,2,0.25,0.0031079255723792686,0.24861016256483928,1320.5,101.1367416381836,-101.1367416381836,6,1.4142135623730951,-0.4405150686014766,1.376327655844303,-0.25134253036544,0.8214718099802826
9,7,False,1,0.125,0.9968919668240928,0.12288321960433922,977.0,107.37953186035156,-107.37953186035156,6,-0.7071067811865474,2.2360575326432603,-0.735389287454357,-0.9804304333677927,-0.8688940377015978
9,3,False,2,0.25,1.0760352798018652e-07,0.2528585469068169,1402.0,100.0030746459961,-100.0030746459961,6,1.4142135623730951,-0.448885398652869,1.4476837628596264,-0.07835660869239275,1.1284358273571955
9,6,False,1,0.125,2.3224407487679173e-24,0.12840316582400782,2048.0,102.76337432861328,-102.76337432861328,6,-0.7071067811865474,-0.44888568846297144,-0.642675954228449,1.292795604814215,0.3810270330820504
9,8,False,1,0.125,6.59253599686185e-21,0.1192627688702466,838.0,110.63924407958984,-110.63924407958984,6,-0.7071067811865474,-0.44888568846297144,-0.7961985855851755,-1.2754616372028058,-1.751529207646196
9,2,False,1,0.125,6.516342554594183e-32,0.1279821362297501,2048.0,103.1014404296875,-103.1014404296875,6,-0.7071067811865474,-0.44888568846297144,-0.6497475914359448,1.292795604814215,0.28948857492825747
10,2220,True,7,0.875,0.981966316077024,0.8805675789567768,971.1428571428571,105.36680603027344,-105.36680603027344,2,1.0,1.0,1.0,1.0,1.0
10,600,False,1,0.125,0.018033683922976017,0.11943242104322321,469.0,120.51817321777344,-120.51817321777344,2,-1.0,-1.0,-0.9999999999999999,-1.0,-1.0
11,\frac{1}{63},False,3,0.375,6.133348803025838e-06,0.3557025744354944,1231.3333333333333,108.79460144042969,-108.79460144042969,4,1.0,-0.5844369716384996,0.8241045519271504,-1.7320508075688772,-0.7903907819170615
11,\frac{8}{63},False,3,0.375,0.009134448685972659,0.3989744097221626,2048.0,95.72642517089844,-95.72642517089844,4,1.0,-0.5630967482030974,1.1614711356686576,0.577350269189626,1.656892326836168
11,\frac{101}{630},False,1,0.125,0.9908594179652241,0.12484779560178175,2048.0,104.98238372802734,-104.98238372802734,4,-1.0,1.7319850300550723,-0.975742567095465,0.577350269189626,-0.076475096818426
11,\frac{1}{7},False,1,0.125,1.1066002552344797e-64,0.12047522024056123,2048.0,108.79265594482422,-108.79265594482422,4,-1.0,-0.5844513102134753,-1.0098331205003432,0.577350269189626,-0.7900264481006805
12,93,False,1,0.125,3.803954483309182e-28,0.13968240984999297,2048.0,100.50836944580078,-100.50836944580078,2,-1.0,-1.0,-1.0,1.0,1.0
12,284,True,7,0.875,1.0,0.860317590150007,829.4285714285714,102.81018829345703,-102.81018829345703,2,1.0,1.0,0.9999999999999999,-1.0000000000000002,-1.0
13,5,True,8,1.0,1.0,1.0,796.625,103.32161712646484,-103.32161712646484,1,0.0,0.0,0.0,0.0,0.0
14,\sqrt{2},False,1,0.125,7.979854821136933e-11,0.12411407170841944,413.0,117.5558853149414,-117.5558853149414,3,-0.7071067811865475,-0.7071067811019083,-0.7174596717792083,-0.4495332612554246,-1.3378356497586255
14,10,False,6,0.75,0.9999999999202014,0.745719012661434,349.3333333333333,113.89529418945312,-113.89529418945312,3,1.4142135623730951,1.4142135623730951,1.4141627871128704,-0.9364568126719811,0.2718701820501508
14,5,False,1,0.125,3.740662180050747e-18,0.1301669156301465,653.0,112.08946228027344,-112.08946228027344,3,-0.7071067811865475,-0.7071067812711866,-0.6967031153336618,1.3859900739274058,1.0659654677084685
15,-5i,False,1,0.125,6.32372687423534e-27,0.12238060568022045,2048.0,97.02778625488281,-97.02778625488281,4,-0.5773502691896258,-0.5773502691896257,-0.560491602879341,0.577350269189625,-0.3831103449435802
15,6 - 5i,True,5,0.625,0.9999999999999999,0.6443505604136495,1718.6,61.669517517089844,-61.669517517089844,4,1.7320508075688774,1.7320508075688772,1.7319481798257956,-1.7320508075688779,1.71880444316669
15,3 - i,False,1,0.125,7.276951719674273e-20,0.1155026981738335,2048.0,102.80555725097656,-102.80555725097656,4,-0.5773502691896258,-0.5773502691896257,-0.590698684046417,0.577350269189625,-0.7265768870716296
15,2 + 2\sqrt{2} + 2i\sqrt{2} + 2 - 3i,False,1,0.125,1.6769864118674633e-38,0.11776613573229669,2048.0,100.82965850830078,-100.82965850830078,4,-0.5773502691896258,-0.5773502691896257,-0.580757892900038,0.577350269189625,-0.6091172111514801
16,-50,True,7,0.875,1.0000000000000002,0.8758120631249791,564.8571428571429,109.08255767822266,-109.08255767822266,2,1.0,1.0,0.9999999999999999,-1.0,1.0
16,0,False,1,0.125,3.750173896186916e-24,0.1241879368750209,627.0,119.42452239990234,-119.42452239990234,2,-1.0,-1.0,-1.0,1.0,-1.0
17,-\frac{\pi}{2},False,2,0.25,5.9484083148670974e-06,0.2527291438510014,792.0,112.58418273925781,-112.58418273925781,4,0.0,-0.5773411109345922,0.017880364071092798,-0.5080193857688038,0.4176312340722355
17,\pi,True,4,0.5,0.9999940515911744,0.49832258276109875,716.75,111.01106262207031,-111.01106262207031,4,1.6329931618554523,1.7320508075416385,1.6269198068153259,-1.3587222236904168,1.2766873981558382
17,\frac{3\pi}{2},False,1,0.125,5.109397634072081e-13,0.12569727218252044,895.0,113.77123260498047,-113.77123260498047,4,-0.8164965809277261,-0.5773548483029333,-0.8143865438206632,0.6563977877318758,-0.2305980353155374
17,-\pi,False,1,0.125,3.3826321483668926e-35,0.12325100120537928,944.0,116.02935028076172,-116.02935028076172,4,-0.8164965809277261,-0.5773548483041133,-0.8304136270657555,1.2103438217273448,-1.4637205969125364
18,56,False,5,0.625,0.9566475588440158,0.6205153359080469,494.8,111.3460922241211,-111.3460922241211,4,1.7320508075688774,1.7305129205812217,1.7314466293420656,-0.6754460491419314,0.07168337555465548
18,28,True,1,0.125,0.04254085911327276,0.12342538100793918,574.0,114.2945556640625,-114.2945556640625,4,-0.5773502691896258,-0.5080477804019543,-0.5914929185777338,-0.5528628064928917,-0.5359847223911691
18,64,False,1,0.125,2.804744631041266e-17,0.13556729586808702,2048.0,104.05790710449219,-104.05790710449219,4,-0.5773502691896258,-0.6122263138544332,-0.5347528176401068,1.728547542808682,1.5737530736649266
18,62,False,1,0.125,0.0008115820427117049,0.12049198721592705,608.0,117.07707214355469,-117.07707214355469,4,-0.5773502691896258,-0.610238826324834,-0.6052008931242255,-0.5002386871738594,-1.109451726828413
19,3,True,8,1.0,1.0,0.9999999999999999,1423.625,100.18610382080078,-100.18610382080078,1,0.0,0.0,0.0,0.0,0.0
20,6+9i,True,7,0.875,0.9999999563479538,0.8749698601435709,278.2857142857143,120.96886444091797,-120.96886444091797,2,1.0,1.0,1.0,1.0000000000000016,1.0
20,6 + 9i,True,1,0.125,4.3652046102836034e-08,0.1250301398564289,242.0,122.45684051513672,-122.45684051513672,2,-1.0,-1.0,-0.9999999999999999,-0.9999999999999984,-1.0
21,1000,False,1,0.125,8.221930202373326e-13,0.13098347552059464,2048.0,101.85221099853516,-101.85221099853516,8,0.0,-0.3803172947275983,1.5635689492295803,0.7708499869283969,1.5186778046303373
21,171,False,1,0.125,6.011158221849479e-34,0.12530725202333456,2048.0,106.46595764160156,-106.46595764160156,8,0.0,-0.3803172947300998,0.08028941066448363,0.7708499869283969,0.11047755070733795
21,1023,False,1,0.125,5.727314143066938e-37,0.12683894982236077,2048.0,105.18028259277344,-105.18028259277344,8,0.0,-0.3803172947300998,0.48054426420529855,0.7708499869283969,0.5028892001296253
21,1050,False,1,0.125,9.75908628287501e-19,0.12058293682617326,794.0,110.6371841430664,-110.6371841430664,8,0.0,-0.3803172947300998,-1.1542426807980926,-1.343770485826779,-1.1626574246083392
21,1071,False,1,0.125,0.9945741425752253,0.12199250891247819,959.0,109.35881805419922,-109.35881805419922,8,0.0,2.6457126837716465,-0.7859010475347352,-1.06553094993794,-0.7724766040696387
21,13535,True,1,0.125,2.7847048210700277e-12,0.12901935244315432,2048.0,103.40275573730469,-103.40275573730469,8,0.0,-0.38031729472162723,1.0503150977212654,0.7708499869283969,1.0454230588077462
21,10000,False,1,0.125,1.2689470757267016e-10,0.11932064945211547,734.0,111.80760955810547,-111.80760955810547,8,0.0,-0.3803172943440178,-1.484096682253947,-1.4449484988772658,-1.5198927680645873
21,11615,False,1,0.125,0.005425857294272997,0.1259548749997886,2048.0,105.91854095458984,-105.91854095458984,8,0.0,-0.3638089157881039,0.24952268876612885,0.7708499869283969,0.27755918246751826
22,4,False,2,0.25,2.087095087887966e-18,0.2628472022619614,2048.0,99.71975708007812,-99.71975708007812,3,-0.7071067811865474,-0.707106781189598,-0.7127570232010854,0.7071067811865475,0.8080067024909112
22,3,False,2,0.25,2.875982727418382e-12,0.263966224605091,2048.0,101.0325927734375,-101.0325927734375,3,-0.7071067811865474,-0.7071067811834971,-0.7014414491716788,0.7071067811865475,0.6011552812834235
22,5,True,4,0.5,0.999999999997124,0.47318657313294765,685.25,113.79158782958984,-113.79158782958984,3,1.4142135623730951,1.414213562373095,1.4141984723727654,-1.414213562373095,-1.4091619837743325
23,5,False,6,0.75,1.0,0.7493667856832253,1234.6666666666667,96.1852035522461,-96.1852035522461,3,1.4142135623730951,1.4142135623730951,1.4141614594995815,-0.7285105559115539,1.3375640147506238
23,\text{No real solutions},False,1,0.125,6.44443916251603e-17,0.12840945975075757,2048.0,107.15153503417969,-107.15153503417969,3,-0.7071067811865475,-0.7071067811865474,-0.6965676498247545,1.4139953779062733,-0.2710485792690676
23,7,False,1,0.125,1.932455788478506e-52,0.12222375456601736,1251.0,112.5744400024414,-112.5744400024414,3,-0.7071067811865475,-0.7071067811865475,-0.717593809674827,-0.6854848219947206,-1.066515435481556
24,10,True,4,0.5,0.9999910430722758,0.4974509557771699,1771.25,101.65953826904297,-101.65953826904297,4,1.6329931618554523,1.7320508075071175,1.6352668741224325,-1.7320508075688774,1.0663826518058739
24,20,False,1,0.125,8.956921590226108e-06,0.13158778798293685,2048.0,102.38855743408203,-102.38855743408203,4,-0.8164965809277261,-0.5773364789261607,-0.7825209936850475,0.5773502691896257,0.8643630372882868
24,5,False,2,0.25,3.560114544815829e-27,0.24878070584062056,2048.0,107.71096801757812,-107.71096801757812,4,0.0,-0.5773571642975613,-0.008057642543275225,0.5773502691896257,-0.610538290339491
24,49.1,False,1,0.125,6.134080566014168e-12,0.12218055039927268,2048.0,110.27191925048828,-110.27191925048828,4,-0.8164965809277261,-0.5773571642833951,-0.8446882378941114,0.5773502691896257,-1.3202073987546696
25,0,False,4,0.5,8.990740387042885e-09,0.5015821080238646,1739.5,104.56385803222656,-104.56385803222656,5,1.9999999999999996,-0.5000000021976723,1.9989643739638954,0.7982226996314048,0.7040247426701349
25,"0,1",False,1,0.125,1.1095279358790315e-11,0.12180411612077378,796.0,110.73677062988281,-110.73677062988281,5,-0.5,-0.5000000246467861,-0.5183025846242236,-0.9346882923203453,-0.6941402496604907
25,1,False,1,0.125,0.9999999605207628,0.11845290330850801,611.0,113.86968231201172,-113.86968231201172,5,-0.5,1.9999999999999991,-0.5405152916882665,-1.2744747613304923,-1.4037448923180629
25,"0, 1",False,1,0.125,3.571011376494959e-33,0.1250754871512017,1330.0,107.8404312133789,-107.8404312133789,5,-0.5,-0.5000000246745243,-0.49661908958304735,0.046100758768403576,-0.03811923624121399
25,"0, 1, 2",False,1,0.125,3.04774015162962e-08,0.13308538539565182,2048.0,101.34992980957031,-101.34992980957031,5,-0.5,-0.4999999484810167,-0.4435274080683578,1.3648395952510286,1.4319796355496326
26,576,False,2,0.25,0.000127499008253013,0.24292929448508402,623.0,117.416259765625,-117.416259765625,3,-0.392232270276368,-0.7069715178871252,-0.42728450191142064,-1.0729450107315144,-1.3915983258847675
26,144,True,5,0.625,0.9998725009917471,0.6255541063819049,1103.4,106.37032318115234,-106.37032318115234,3,1.3728129459672882,1.4142135537487524,1.3811485532169583,-0.2613944966839346,0.9139518034169707
26,240,False,1,0.125,8.893672679587603e-93,0.1315165991330111,2048.0,108.4606704711914,-108.4606704711914,3,-0.98058067569092,-0.7072420358616268,-0.9538640513055373,1.3343395074154487,0.47764652246779693
27,78,True,8,1.0,1.0,0.9999999999999999,1453.5,93.42009735107422,-93.42009735107422,1,0.0,0.0,0.0,0.0,0.0
28,-2 + 7i,True,8,1.0,0.9999999999999999,0.9999999999999999,1012.125,101.20764923095703,-101.20764923095703,1,0.0,0.0,0.0,0.0,0.0
29,225,True,5,0.625,0.995993326597366,0.6233725227003324,838.8,99.53887939453125,-99.53887939453125,4,1.7320508075688774,1.7320383166628992,1.73171103616463,-0.2797588855207978,1.4015546320374919
29,450,False,1,0.125,0.004006673402633994,0.11934961204561907,508.0,117.29460906982422,-117.29460906982422,4,-0.5773502691896258,-0.5711443415364099,-0.6059597451454092,-0.8212699407009022,-1.3309976016585057
29,9,False,1,0.125,2.523918592106657e-21,0.12586230246039315,644.0,111.22525024414062,-111.22525024414062,4,-0.5773502691896258,-0.5804469875632446,-0.5757537252036588,-0.5986414536861071,-0.39694192951668633
29,4,False,1,0.125,1.035682164325268e-17,0.1314155627936553,2048.0,106.52517700195312,-106.52517700195312,4,-0.5773502691896258,-0.5804469875632446,-0.5499975658155626,1.6996702799078067,0.3263848991377001
30,52_8,True,8,1.0,1.0,1.0,488.375,122.8763427734375,-122.8763427734375,1,0.0,0.0,0.0,0.0,0.0
31,11\sqrt{2},False,7,0.875,0.9999999817142392,0.8737646968844716,482.14285714285717,115.89631652832031,-115.89631652832031,2,1.0,1.0000000000000002,1.0000000000000002,1.0000000000000004,1.0
31,19\sqrt{2},False,1,0.125,1.8285760860237796e-08,0.12623530311552855,376.0,116.08200073242188,-116.08200073242188,2,-1.0,-1.0,-0.9999999999999999,-0.9999999999999994,-1.0
32,720,True,7,0.875,0.9999999999999999,0.8750871287296635,529.8571428571429,120.99510192871094,-120.99510192871094,2,1.0,1.0,1.0,1.0,1.0
32,4320,False,1,0.125,3.575098407929435e-23,0.12491287127033643,493.0,122.06745147705078,-122.06745147705078,2,-1.0,-1.0,-1.0,-1.0,-1.0
33,\frac{5}{11},False,1,0.125,1.15375827910833e-39,0.1257991199045533,2048.0,108.47430419921875,-108.47430419921875,6,-0.7071067811865474,-0.44723450008007365,-0.6565131970799787,0.9215224265205516,-0.0020013057016869396
33,\frac{243}{625},True,2,0.25,3.5033039429481485e-09,0.25373536457061086,1474.5,101.94343566894531,-101.94343566894531,6,1.4142135623730951,-0.4472344906792833,1.398707623906155,-0.1492047960549063,1.4970324107249544
33,\frac{81}{205},False,1,0.125,1.5328633263881483e-15,0.12270623400702056,2048.0,111.20846557617188,-111.20846557617188,6,-0.7071067811865474,-0.44723450008006954,-0.7061985971019643,0.9215224265205516,-0.6295748162088145
33,\frac{3}{5},False,1,0.125,0.9999610478288039,0.11934230478155847,816.0,114.34312438964844,-114.34312438964844,6,-0.7071067811865474,2.236067975871497,-0.7602381494003733,-1.3786274221507024,-1.3490747156653051
33,\frac{6561}{78125},False,1,0.125,2.6287252373404663e-16,0.12283671991106737,892.0,111.09033203125,-111.09033203125,6,-0.7071067811865474,-0.447234500080073,-0.704102417496707,-1.236735061356047,-0.6024595610083737
33,\frac{81}{200},False,2,0.25,3.894866789034934e-05,0.25558025682518937,2048.0,103.73384857177734,-103.73384857177734,6,1.4142135623730951,-0.44712998495199735,1.428344737172868,0.9215224265205516,1.0860779878592195
34,-125,True,5,0.625,0.09710786941212926,0.626493422367155,1376.4,103.38335418701172,-103.38335418701172,4,1.7320508075688774,-0.40338118557644154,1.7313789869524876,0.2413542138325663,0.8741446769190738
34,-8000,False,1,0.125,6.369762333576174e-19,0.1342097018410104,2048.0,102.10649871826172,-102.10649871826172,4,-0.5773502691896258,-0.6595846104463315,-0.532484439874048,1.4176494969236497,1.0860896991523041
34,0,False,1,0.125,0.9028921305577022,0.11801350623481878,464.0,116.11961364746094,-116.11961364746094,4,-0.5773502691896258,1.7225504063895098,-0.6069658280609209,-1.3566979247801567,-1.2399448661642254
34,200,False,1,0.125,3.016863663353416e-11,0.12128336955701591,1066.0,112.98896789550781,-112.98896789550781,4,-0.5773502691896258,-0.6595846103667364,-0.5919287190175182,-0.30230578597605856,-0.7202895099071526
35,3,True,8,1.0,1.0000000000000002,1.0,803.5,50.85844421386719,-50.85844421386719,1,0.0,0.0,0.0,0.0,0.0
36,5,False,2,0.25,7.931921937176546e-14,0.2503358887044712,1468.0,109.3257827758789,-109.3257827758789,6,1.4142135623730951,-0.44721359549978784,1.4033376833141642,0.23520919400157025,0.10469693648628631
36,6 \pm \sqrt{5},False,1,0.125,2.527327426852503e-19,0.123052421679349,1078.0,112.3854751586914,-112.3854751586914,6,-0.7071067811865474,-0.44721359550000067,-0.7315176600105598,-0.9358323250700785,-0.8330927896535806
36,"3, 5, 7",True,2,0.25,0.9999999999999202,0.2514951821557776,1338.0,104.2730484008789,-104.2730484008789,6,1.4142135623730951,2.2360679774997894,1.4227818725466457,-0.1551379790223127,1.6533501319533268
36,"x = 3, x = 5, x = 7",False,1,0.125,4.513366731494861e-16,0.12127712076621286,1035.0,114.0306167602539,-114.0306167602539,6,-0.7071067811865474,-0.4472135954999995,-0.761293802419298,-1.0649471592241322,-1.3373254702515054
36,7,False,1,0.125,4.198421064584055e-45,0.12914794333054325,2048.0,107.08110809326172,-107.08110809326172,6,-0.7071067811865474,-0.44721359550000067,-0.6292808395377552,1.9767581198004327,0.7926853328719705
36,"12, 12 + 2\sqrt{17}, 12 - 2\sqrt{17}",False,1,0.125,5.244544898687021e-23,0.12469144336364606,1371.0,110.90821075439453,-110.90821075439453,6,-0.7071067811865474,-0.44721359550000067,-0.7040272538931964,-0.056049850485480855,-0.3803141414064976
37,72,True,8,1.0,0.9999999999999999,1.0000000000000002,968.625,103.02307891845703,-103.02307891845703,1,0.0,0.0,0.0,0.0,0.0
38,2000,True,8,1.0,0.9999999999999999,0.9999999999999999,313.125,114.3756332397461,-114.3756332397461,1,0.0,0.0,0.0,0.0,0.0
39,23,True,8,1.0,1.0,1.0,963.375,108.44678497314453,-108.44678497314453,1,0.0,0.0,0.0,0.0,0.0
40,12,True,7,0.875,0.9967592520739332,0.8746390044249385,346.14285714285717,117.32563018798828,-117.32563018798828,2,1.0,1.0,0.9999999999999999,1.0000000000000022,1.0
40,12 \text{ cm},False,1,0.125,0.0032407479260667493,0.12536099557506147,320.0,118.67310333251953,-118.67310333251953,2,-1.0,-1.0,-1.0,-0.9999999999999978,-1.0
41,11,False,1,0.125,6.477914662847057e-45,0.12880897243313086,2048.0,106.56342315673828,-106.56342315673828,5,-1.2247448713915894,-0.5000593646154223,-1.2330538129230832,0.7643999894335824,0.19061564203157763
41,17,True,2,0.25,2.8526446164508938e-18,0.25542357328884024,2048.0,105.60858917236328,-105.60858917236328,5,0.8164965809277259,-0.5000593646154223,0.9599559200832571,0.7643999894335824,0.4559763631832573
41,15,False,1,0.125,1.1052953756629716e-08,0.13068434563407455,2048.0,105.03419494628906,-105.03419494628906,5,-1.2247448713915894,-0.5000593369797571,-1.2005716848360104,0.7643999894335824,0.6156079520779334
41,7,False,2,0.25,9.496443773725665e-05,0.24971094427795912,1322.5,104.70589447021484,-104.70589447021484,5,0.8164965809277259,-0.4998219253334425,0.8610111622334615,-0.5908595226242475,0.7068469030485766
41,5,False,2,0.25,0.9999050245093088,0.23537216436599523,727.5,114.33442687988281,-114.33442687988281,5,0.8164965809277259,1.999999991544044,0.612658415442374,-1.7023404456764994,-1.969046860341345
42,4,True,8,1.0,0.9999999999999999,1.0,999.25,99.21804809570312,-99.21804809570312,1,0.0,0.0,0.0,0.0,0.0
43,20\sqrt{2} + 15\sqrt{5} + 5\sqrt{65},False,1,0.125,1.8971866082596831e-07,0.12536914776702257,817.0,107.26127624511719,-107.26127624511719,6,-0.7071067811865474,-0.4472136045776495,-0.7119260459919096,-0.6458995003313318,0.0030162536704490435
43,70\sqrt{2},True,1,0.125,3.365289707280913e-08,0.12247610874564828,793.0,109.794921875,-109.794921875,6,-0.7071067811865474,-0.44721402334652277,-0.7617990138181935,-0.6916381421054709,-1.7005002113285692
43,20\sqrt{5} + 10\sqrt{34},False,2,0.25,0.9999990344912352,0.248545971113711,686.5,108.15653228759766,-108.15653228759766,6,1.4142135623730951,2.2360679774992516,1.411513597347235,-0.8946033649782129,-0.5989161518593165
43,10\sqrt{82},False,1,0.125,2.189613416259459e-26,0.1277506578484359,2048.0,105.26172637939453,-105.26172637939453,6,-0.7071067811865474,-0.447214113646826,-0.6708713022463944,1.7001116673338836,1.347429252343302
43,100,False,1,0.125,6.459276305561517e-31,0.12706636969547672,1714.0,105.8285903930664,-105.8285903930664,6,-0.7071067811865474,-0.447214113646826,-0.6826677145257658,1.0635822359771152,0.9662937970467647
43,50 + 10\sqrt{41},False,2,0.25,7.421372069898759e-07,0.24879174482970556,877.0,107.2915267944336,-107.2915267944336,6,1.4142135623730951,-0.44721212228142665,1.4157504792350295,-0.5315528958959842,-0.017322939872629964
44,1.25,True,6,0.75,0.9999892830565897,0.7648002095310814,1569.3333333333333,97.76348876953125,-97.76348876953125,3,1.4142135623730951,1.4142135623121832,1.414203488080918,1.3618573173205342,1.402595465016541
44,1.68,False,1,0.125,1.0716943410250557e-05,0.11901030459785579,895.0,115.1344223022461,-115.1344223022461,3,-0.7071067811865475,-0.7070954139383208,-0.7024788959115028,-0.3507643276894786,-0.5446309806549382
44,1.32,False,1,0.125,2.6154605478115376e-18,0.11618948587106281,635.0,117.92962646484375,-117.92962646484375,3,-0.7071067811865475,-0.7071181483738622,-0.7117245921694151,-1.0110929896310556,-0.8579644843616043
45,2,True,8,1.0,1.0,1.0,735.375,107.28701782226562,-107.28701782226562,1,0.0,0.0,0.0,0.0,0.0
46,6,True,8,1.0,1.0,1.0,1120.625,99.24284362792969,-99.24284362792969,1,0.0,0.0,0.0,0.0,0.0
47,5,True,7,0.875,0.9999999989789154,0.8773173378858109,734.5714285714286,100.31758880615234,-100.31758880615234,2,1.0,1.0,1.0,1.0000000000000004,1.0
47,7,False,1,0.125,1.0210845760602517e-09,0.12268266211418899,499.0,119.86665344238281,-119.86665344238281,2,-1.0,-1.0,-1.0,-0.9999999999999996,-1.0
48,\frac{3}{2},True,8,1.0,1.0,0.9999999999999999,816.375,96.59313201904297,-96.59313201904297,1,0.0,0.0,0.0,0.0,0.0
49,83,True,8,1.0,1.0,0.9999999999999999,1021.0,96.98456573486328,-96.98456573486328,1,0.0,0.0,0.0,0.0,0.0
50,203,True,5,0.625,0.922110253626505,0.6187718993159079,1254.8,104.84407043457031,-104.84407043457031,3,1.3728129459672882,1.4101065339995342,1.3701787318370011,-0.9196476896026038,-0.2276312466266771
50,231,False,1,0.125,1.3591123497404339e-42,0.12744135067131024,2048.0,106.6029281616211,-106.6029281616211,3,-0.98058067569092,-0.7983252996722965,-0.9883346166911398,1.390246380672206,-1.0949597948969174
50,29,False,2,0.25,0.07788974637349494,0.25378675001278167,1409.0,101.70037078857422,-101.70037078857422,3,-0.392232270276368,-0.611781234327238,-0.38184411514586114,-0.4705986910696036,1.3225910415236015
51,(x-1)(x^2+x+1)(x^2-x+1),False,1,0.125,3.23374730103053e-25,0.1301853495246922,2048.0,104.52938842773438,-104.52938842773438,4,-0.5773502691896258,-0.5773502691896258,-0.5615244887099664,0.9863363943290875,0.13745544302776228
51,x^5 - x^4 + x^3 - x^2 + x - 1,True,5,0.625,1.0,0.6195094634159247,1221.4,98.63282775878906,-98.63282775878906,4,1.7320508075688774,1.7320508075688774,1.7317465910471592,-0.7533534884244033,1.2799748410369707
51,x^6 - x^5 + x^4 - x^3 + x^2 - x + 1,False,1,0.125,1.1365608961446092e-40,0.12030072196265763,1000.0,113.11814880371094,-113.11814880371094,4,-0.5773502691896258,-0.5773502691896258,-0.6078498789342928,-1.2193193002337706,-1.5267053933197852
51,0,False,1,0.125,1.9308803217117808e-17,0.13000446509672556,2048.0,104.6748275756836,-104.6748275756836,4,-0.5773502691896258,-0.5773502691896257,-0.5623722234028995,0.9863363943290875,0.10927510925505217
52,12,True,8,1.0,1.0,1.0,852.0,100.76832580566406,-100.76832580566406,1,0.0,0.0,0.0,0.0,0.0
53,-\frac{\pi}{6},True,8,1.0,0.9999999999999999,0.9999999999999999,1013.125,99.77816772460938,-99.77816772460938,1,0.0,0.0,0.0,0.0,0.0
54,0.15,True,8,1.0,1.0,1.0,1076.625,78.85061645507812,-78.85061645507812,1,0.0,0.0,0.0,0.0,0.0
55,3,True,8,1.0,1.0,0.9999999999999999,596.125,30.670991897583008,-30.670991897583008,1,0.0,0.0,0.0,0.0,0.0
56,11,True,8,1.0,1.0000000000000002,0.9999999999999999,938.75,90.12796783447266,-90.12796783447266,1,0.0,0.0,0.0,0.0,0.0
57,16,True,8,1.0,1.0,1.0000000000000002,1027.75,98.98602294921875,-98.98602294921875,1,0.0,0.0,0.0,0.0,0.0
58,9901,True,5,0.625,0.9999899866302718,0.6198801098887703,735.2,102.88114929199219,-102.88114929199219,3,1.3728129459672882,1.4142135623199186,1.369428517756935,-0.5124735176037262,1.2301275052990814
58,10000,False,2,0.25,1.0013369728182944e-05,0.25404226652569817,1284.5,107.48552703857422,-107.48552703857422,3,-0.392232270276368,-0.7070961602179766,-0.37893795000949426,1.3977393520166785,-0.010837188743261332
58,9900,False,1,0.125,1.3217559325024325e-22,0.12607762358553154,628.0,111.96927642822266,-111.96927642822266,3,-0.98058067569092,-0.707117402101942,-0.9904905677474404,-0.8852658344129516,-1.219290316555824
59,5,True,7,0.875,0.1480150613138511,0.8776246571679658,764.8571428571429,105.90867614746094,-105.90867614746094,2,1.0,-1.0,1.0,1.0,1.0
59,15,False,1,0.125,0.8519849386861489,0.12237534283203425,537.0,117.27188873291016,-117.27188873291016,2,-1.0,1.0,-1.0,-1.0,-1.0
60,"(-12, 0, 3)",False,1,0.125,1.6562176088360828e-42,0.13387394203198863,2048.0,99.19149780273438,-99.19149780273438,8,0.0,-0.3779644730097938,1.328074721958176,0.7405594155375772,1.269635176091554
60,"(3, -1, 0)",False,1,0.125,5.586739421353193e-19,0.1157861567059803,854.0,114.6869125366211,-114.6869125366211,8,0.0,-0.3779644730097938,-1.3789443661859448,-1.525239283121916,-1.4066630027286464
60,"(-3, 4, -1)",False,1,0.125,3.072617147665546e-17,0.12979994648651952,2048.0,102.30479431152344,-102.30479431152344,8,0.0,-0.37796447300979374,0.7183602926995896,0.7405594155375772,0.7319206379722178
60,"(3, 0, -1)",False,1,0.125,1.879051534749249e-16,0.13122095538908682,2048.0,101.1969223022461,-101.1969223022461,8,0.0,-0.3779644730097932,0.9310285743239444,0.7405594155375772,0.9232672970784579
60,"(4, 0, 4)",False,1,0.125,5.874600443063115e-20,0.12951575984689462,2048.0,102.5292739868164,-102.5292739868164,8,0.0,-0.3779644730097938,0.6758289023610515,0.7405594155375772,0.6931495204199463
60,"(-12, 70, 1)",False,1,0.125,1.3084558775618546e-12,0.11517112129435887,805.0,115.29936218261719,-115.29936218261719,8,0.0,-0.3779644730058374,-1.4709906045250203,-1.618224321844123,-1.5124425446349306
60,"(0, 12, -1)",False,1,0.125,2.9556246547721632e-15,0.12275483921512832,2048.0,108.17623901367188,-108.17623901367188,8,0.0,-0.37796447300978486,-0.3360109041022921,0.7405594155375772,-0.28216882224979317
60,"(8, 52, 0)",False,1,0.125,0.9999999999986884,0.12187727903004285,1363.0,108.95514678955078,-108.95514678955078,8,0.0,2.6457513110645907,-0.46734661652949816,-0.5593334727218473,-0.4166982619488061
61,-256,True,8,1.0,0.9999999999999999,0.9999999999999998,1502.75,44.22315979003906,-44.22315979003906,1,0.0,0.0,0.0,0.0,0.0
62,5,False,3,0.375,0.0004112761394617852,0.3751299960842204,994.0,109.7052993774414,-109.7052993774414,3,0.7071067811865478,-0.7066702428069557,0.7060319067084324,-0.3304140384827813,-0.6237594715886868
62,2,False,2,0.25,2.72498650980703e-19,0.24961277621685068,1408.0,107.47515869140625,-107.47515869140625,3,-1.4142135623730947,-0.7075432297510587,-1.4142130180091461,1.3560554236909768,1.4110581067617407
62,4,True,3,0.375,0.9995887238605383,0.37525722769892905,823.3333333333334,109.88453674316406,-109.88453674316406,3,0.7071067811865478,1.4142134725580147,0.7081811113007166,-1.0256413852081951,-0.787298635173067
63,10,True,4,0.5,0.049926394559101084,0.5056940736264609,1801.25,107.22477722167969,-107.22477722167969,2,0.0,-1.0,1.000000000000005,1.0,1.0
63,9,False,4,0.5,0.9500736054408989,0.49430592637353915,1328.75,108.77556610107422,-108.77556610107422,2,0.0,1.0,-0.9999999999999952,-1.0,-1.0
64,\frac{35}{64},True,2,0.25,0.02962452223686784,0.23632917984141025,794.0,110.26018524169922,-110.26018524169922,5,0.4999999999999999,-0.4421219259059298,0.3633589480370642,-1.4759374972925148,-1.2129566258602529
64,1,False,3,0.375,1.2575872165823933e-09,0.38116037172654266,1862.0,103.95523071289062,-103.95523071289062,5,1.7499999999999998,-0.5189971337783293,1.8119385679477211,0.5601013132324215,0.3553710600670871
64,\frac{1}{64},False,1,0.125,0.9703754765055449,0.12115459699127835,1089.0,109.52630615234375,-109.52630615234375,5,-0.7500000000000001,1.9991133337677591,-0.7885997652540289,-0.9135485000033237,-1.0304076655623877
64,-\frac{35}{64},False,1,0.125,8.086708649996773e-28,0.13341053713821535,2048.0,99.46452331542969,-99.46452331542969,5,-0.7500000000000001,-0.5189971370417502,-0.6660177103208729,0.9146923420317082,1.4724133335135143
64,\frac{71}{64},False,1,0.125,1.578797577968294e-18,0.12794531430255354,2048.0,103.71318054199219,-103.71318054199219,5,-0.7500000000000001,-0.5189971370417502,-0.7206800404098841,0.9146923420317082,0.4155798978420356
65,1,True,8,1.0,1.0,1.0,532.375,105.07352447509766,-105.07352447509766,1,0.0,0.0,0.0,0.0,0.0
66,x^3 + 3x - 6,True,8,1.0,1.0,1.0,1086.625,97.94551849365234,-97.94551849365234,1,0.0,0.0,0.0,0.0,0.0
67,10,True,7,0.875,0.9986649633889629,0.8790706730861421,1210.7142857142858,98.08757781982422,-98.08757781982422,2,1.0,1.0,1.0,1.0,1.0
67,10\%,False,1,0.125,0.0013350366110370618,0.12092932691385795,609.0,114.8648452758789,-114.8648452758789,2,-1.0,-1.0,-1.0,-1.0,-1.0
68,134,False,1,0.125,9.55671468627219e-13,0.12984754254349765,2048.0,97.97704315185547,-97.97704315185547,6,-0.7071067811865474,-0.4472605613400811,-0.6113449657537964,0.6299183078631695,0.760837748420821
68,54,False,1,0.125,2.665220411360928e-22,0.12691850503618018,2048.0,100.23816680908203,-100.23816680908203,6,-0.7071067811865474,-0.4472605613426457,-0.659978722727819,0.6299183078631695,0.1810473222241826
68,62,False,1,0.125,0.9999124904456126,0.1185974492601257,468.0,107.2710952758789,-107.2710952758789,6,-0.7071067811865474,2.236067969278719,-0.7981415845446854,-2.046740391618161,-1.6223147274994236
68,44,False,1,0.125,3.510387466967776e-35,0.12126859957963392,2048.0,104.90826416015625,-104.90826416015625,6,-0.7071067811865474,-0.4472605613426457,-0.7537897880396893,0.6299183078631695,-1.0164447852531602
68,45,False,2,0.25,1.130508520912577e-25,0.2520448456797269,2048.0,99.10395050048828,-99.10395050048828,6,1.4142135623730951,-0.4472605613426457,1.4176198149161283,0.6299183078631695,0.4718796059239398
68,46,True,2,0.25,8.750955343186008e-05,0.2513230579008357,1397.0,96.16687774658203,-96.16687774658203,6,1.4142135623730951,-0.447025723910701,1.4056352461498636,-0.4729328398345179,1.2249948361836405
69,-1,True,8,1.0,1.0,1.0,1375.875,101.5241470336914,-101.5241470336914,1,0.0,0.0,0.0,0.0,0.0
70,40_9,True,7,0.875,0.9999999999999998,0.8655834342384293,605.1428571428571,119.7779312133789,-119.7779312133789,2,1.0,1.0,1.0,-0.9999999999999999,-1.0
70,37_9,False,1,0.125,7.015002229080897e-49,0.13441656576157068,2048.0,112.1785659790039,-112.1785659790039,2,-1.0,-1.0,-1.0,1.0000000000000002,1.0
71,2526,False,1,0.125,0.38067284749793945,0.11964144798522547,267.0,118.71670532226562,-118.71670532226562,6,-0.7071067811865474,0.9225289956027912,-0.8080942977614888,-0.9459066477170768,-0.84979330995974
71,2512,False,1,0.125,1.101860609293038e-10,0.142150396505993,2048.0,99.91838836669922,-99.91838836669922,6,-0.7071067811865474,-0.7184597748606106,-0.4212943325883827,1.9042155678488843,1.8113303939335326
71,2516_8,True,2,0.25,0.032922136183378574,0.25248173293593035,1279.5,106.32213592529297,-106.32213592529297,6,1.4142135623730951,-0.5765403919403277,1.4746697125213877,0.6743902322719945,0.904804322360066
71,2516,False,1,0.125,0.5861338655963511,0.12122790754816289,336.0,117.1631088256836,-117.1631088256836,6,-0.7071067811865474,1.8082218570220374,-0.7808321400855509,-0.8354864158955994,-0.629863383620469
71,12470_8,False,2,0.25,0.0002708907734386469,0.2438585433975485,650.0,116.42788696289062,-116.42788696289062,6,1.4142135623730951,-0.7172920305902448,1.3264864506489022,-0.33299434644713677,-0.5257840486819447
71,12470,False,1,0.125,2.598387061400118e-07,0.12063997162713973,568.0,117.73410034179688,-117.73410034179688,6,-0.7071067811865474,-0.7184586552336455,-0.7909353927348675,-0.4642183900610665,-0.7106939740314406
72,3,True,8,1.0,1.0,1.0,1064.625,104.57573699951172,-104.57573699951172,1,0.0,0.0,0.0,0.0,0.0
73,4,False,5,0.625,0.03120377598847294,0.6276131682196067,1423.2,96.0130386352539,-96.0130386352539,4,1.7320508075688774,-0.5269751690365742,1.7320416530606006,-1.7320508075688772,1.7224129646461919
73,9,False,1,0.125,3.3239907325385e-10,0.12528197141483252,2048.0,108.58174133300781,-108.58174133300781,4,-0.5773502691896258,-0.6021300992700709,-0.5720584941875884,0.577350269189626,-0.4027925653014513
73,1,False,1,0.125,0.9687962198214729,0.1234642943903084,2048.0,110.18031311035156,-110.18031311035156,4,-0.5773502691896258,1.731235359086065,-0.5803958419901843,0.577350269189626,-0.6730904363646506
73,2,False,1,0.125,3.857655124635461e-09,0.12364056597525232,2048.0,110.02323150634766,-110.02323150634766,4,-0.5773502691896258,-0.6021300907794198,-0.579587316882828,0.577350269189626,-0.64652996298009
74,\cot x,True,7,0.875,0.9997697525138463,0.8654919539194192,1205.7142857142858,99.69610595703125,-99.69610595703125,2,1.0,1.0000000000000002,1.0000000000000002,-1.0,-1.0
74,\csc x,False,1,0.125,0.00023024748615378554,0.13450804608058067,2048.0,98.09342193603516,-98.09342193603516,2,-1.0,-1.0,-1.0,1.0,1.0
75,\frac{11}{36},True,7,0.875,0.9999999999999999,0.8634592542200459,934.1428571428571,112.15162658691406,-112.15162658691406,2,1.0,1.0,1.0,-0.9999999999999998,-1.0
75,\frac{1}{3},False,1,0.125,3.04238638094821e-40,0.13654074577995406,2048.0,105.46094512939453,-105.46094512939453,2,-1.0,-1.0,-1.0000000000000002,1.0000000000000002,1.0
76,0,True,8,1.0,1.0,0.9999999999999999,794.0,107.69081115722656,-107.69081115722656,1,0.0,0.0,0.0,0.0,0.0
77,4,True,8,1.0,0.9999999999999999,1.0,510.125,114.64835357666016,-114.64835357666016,1,0.0,0.0,0.0,0.0,0.0
78,"(-1, -1)",False,1,0.125,1.6351784150824533e-13,0.1210711751758169,973.0,113.58552551269531,-113.58552551269531,4,-0.5773502691896258,-0.577350269189374,-0.5936381474257805,-0.5140374370625932,-0.9174855558584348
78,"(2, -\frac{1}{2})",False,1,0.125,1.7231238174670815e-28,0.12035850135919306,617.0,114.25809478759766,-114.25809478759766,4,-0.5773502691896258,-0.5773502691897516,-0.5969195731643334,-1.1859571271462475,-1.0242395894314498
78,"(-2 + \sqrt{22}, 4 + \sqrt{22})",False,1,0.125,1.986125204306468e-34,0.13248864945564248,2048.0,103.79706573486328,-103.79706573486328,4,-0.5773502691896258,-0.5773502691897516,-0.5410676823726791,1.5149335372068684,0.6361946414751619
78,"(-2, 1)",True,5,0.625,0.9999999999998365,0.6260816740093474,1343.4,99.58013153076172,-99.58013153076172,4,1.7320508075688774,1.7320508075688772,1.7316254029627929,0.1850610270019731,1.305530503814723
79,2,True,7,0.875,0.9999999999999994,0.8783170820748347,584.5714285714286,102.48213958740234,-102.48213958740234,2,1.0,1.0000000000000002,1.0000000000000002,1.0,1.0
79,3,False,1,0.125,5.9773371765645525e-16,0.1216829179251651,365.0,121.73246765136719,-121.73246765136719,2,-1.0,-1.0,-1.0,-1.0,-1.0
80,1,False,7,0.875,0.9999999999999886,0.8830859636800803,1491.2857142857142,103.73008728027344,-103.73008728027344,2,1.0,1.0,1.0000000000000002,1.0,1.0
80,2,False,1,0.125,1.144144069481268e-14,0.11691403631991977,905.0,119.44363403320312,-119.44363403320312,2,-1.0,-1.0,-1.0,-1.0,-1.0
81,3,True,8,1.0,1.0000000000000002,1.0,1254.0,103.20757293701172,-103.20757293701172,1,0.0,0.0,0.0,0.0,0.0
82,\frac{3}{5},False,5,0.625,1.593871456945302e-05,0.6154877723906839,874.8,100.6644058227539,-100.6644058227539,4,1.7320508075688774,-0.5773257301545419,1.7300672300683053,-0.401196056544296,0.6478657791439211
82,"4,1",False,1,0.125,0.999984060235783,0.14450950825352518,2048.0,95.19568634033203,-95.19568634033203,4,-0.5773502691896258,1.7320508073733196,-0.49934814962641166,1.6893356491530964,1.2765214084319416
82,\frac{3}{2},True,1,0.125,1.0496475731155027e-09,0.11797463320054566,582.0,116.60711669921875,-116.60711669921875,4,-0.5773502691896258,-0.5773625373973345,-0.6249532211253427,-0.9229380301448725,-1.1848255795582856
82,\frac{1}{2},False,1,0.125,2.877389889801329e-23,0.12202808615524526,895.0,112.73373413085938,-112.73373413085938,4,-0.5773502691896258,-0.5773625398214431,-0.6057658593165511,-0.36520156246392826,-0.7395616080175771
83,2,True,4,0.5,0.9999999825629442,0.4938387786503067,1364.5,107.44904327392578,-107.44904327392578,3,1.0690449676496978,1.414213562373095,1.0420258624188696,0.4555712012993498,-0.40994880546800855
83,\text{No real solutions},False,3,0.375,1.7437055787856218e-08,0.3806240904714043,1512.6666666666667,100.12212371826172,-100.12212371826172,3,0.2672612419124245,-0.7071067626917562,0.3070188172988332,0.9316716691149328,1.3771333009519526
83,x = \log_3 10,False,1,0.125,1.1852929512262849e-32,0.12553713087828913,791.0,109.73367309570312,-109.73367309570312,3,-1.3363062095621219,-0.7071067996813384,-1.3490446797177018,-1.387242870414284,-0.9671844954839441
84,-1,True,6,0.75,0.9999999999999999,0.7488913983232702,981.6666666666666,99.33856201171875,-99.33856201171875,3,1.4142135623730951,1.414213562373095,1.4140919166165826,-0.7274255256950339,1.191117541997964
84,5,False,1,0.125,2.5766180684931714e-23,0.13027489153946392,2048.0,106.43232727050781,-106.43232727050781,3,-0.7071067811865475,-0.7071067811865476,-0.6909823808820146,1.4140170418188431,0.06469061435366366
84,11,False,1,0.125,1.31868398762383e-43,0.1208337101372657,1002.0,114.74827575683594,-114.74827575683594,3,-0.7071067811865475,-0.7071067811865476,-0.7231095357345684,-0.6865915161238095,-1.2558081563516277
85,\sqrt{5},True,8,1.0,0.9999999999999999,1.0,1449.0,96.6170654296875,-96.6170654296875,1,0.0,0.0,0.0,0.0,0.0
86,2160,False,1,0.125,2.535855306539892e-16,0.1234783897433015,362.0,120.77071380615234,-120.77071380615234,4,-0.5773502691896258,-0.5773502691896255,-0.5914511542378075,-1.2056387465332519,-0.8987383172747291
86,969,False,1,0.125,5.0462957577834824e-33,0.12568710029150695,564.0,118.64839935302734,-118.64839935302734,4,-0.5773502691896258,-0.5773502691896261,-0.5811260848645763,-0.328178732843045,-0.6403502644253852
86,240,True,5,0.625,0.9999999999999999,0.620490698746543,633.2,99.72645568847656,-99.72645568847656,4,1.7320508075688774,1.7320508075688774,1.7319345759465894,-0.027583520232340265,1.663363104914936
86,246400 \text{ and } 5775,False,1,0.125,4.880862634298987e-32,0.1303438112186484,999.0,114.4095230102539,-114.4095230102539,4,-0.5773502691896258,-0.5773502691896261,-0.5593573368442055,1.5614009996086382,-0.12427452321482156
87,1,True,8,1.0,0.9999999999999999,1.0,1038.375,100.69024658203125,-100.69024658203125,1,0.0,0.0,0.0,0.0,0.0
88,2,True,5,0.625,0.9997171171137283,0.6216378101294239,857.0,112.07707214355469,-112.07707214355469,2,1.0,1.0,1.0000000000000004,1.0000000000000016,1.0
88,\sqrt{3},False,3,0.375,0.00028288288627164226,0.37836218987057624,782.6666666666666,112.4181900024414,-112.4181900024414,2,-1.0,-1.0,-0.9999999999999996,-0.9999999999999984,-1.0
89,3,False,5,0.625,0.0009275076808876329,0.6291036608812405,1544.4,98.28585052490234,-98.28585052490234,3,1.3728129459672882,-0.7061214117186045,1.383066774967729,0.06368558612315336,1.1400920863969908
89,21,True,2,0.25,0.9990724923116296,0.24011409580234372,955.5,112.96744537353516,-112.96744537353516,3,-0.392232270276368,1.41421310487388,-0.4359072503513849,-1.2553451876608317,-1.2947132260495045
89,9,False,1,0.125,7.482825202041988e-12,0.130782243316416,2048.0,104.2281265258789,-104.2281265258789,3,-0.98058067569092,-0.7080916931552759,-0.9471595246163446,1.1916596015376797,0.15462113965251137
90,\frac{3}{2},True,6,0.75,0.9999946854863359,0.7530870736354647,558.5,112.68290710449219,-112.68290710449219,2,1.0,1.0,1.0,1.0,1.0
90,15,False,2,0.25,5.314513664389558e-06,0.24691292636453532,282.0,123.38677215576172,-123.38677215576172,2,-1.0,-1.0,-1.0,-1.0,-1.0
91,3,False,5,0.625,0.08235371004115792,0.6257365390071743,454.2,116.71766662597656,-116.71766662597656,2,1.0,-0.9999999999999999,1.0000000000000002,1.0,1.0
91,1,True,3,0.375,0.9176462899588421,0.37426346099282576,403.6666666666667,117.8231201171875,-117.8231201171875,2,-1.0,1.0,-0.9999999999999998,-1.0,-1.0
92,\frac{224}{78125},False,2,0.25,0.0026793528591855663,0.26264215373575206,2048.0,95.00699615478516,-95.00699615478516,4,0.0,-0.5732085236878193,0.14338516560916373,1.3306523566196726,1.2446625968797718
92,0.028672,False,1,0.125,3.0506228155478794e-20,0.11933902332424519,1111.0,113.34444427490234,-113.34444427490234,4,-1.414213562373095,-0.5794183889562781,-1.4819346585167659,-1.4714555369717877,-1.5501953484638624
92,\frac{448}{15625},True,3,0.375,0.9973206212555811,0.3677413756970655,1681.6666666666667,102.0218734741211,-102.0218734741211,4,1.414213562373095,1.7320452416068548,1.3354027332883245,0.23512885072959291,0.17550698247078017
92,\frac{2240}{78125},False,2,0.25,2.588523326877252e-08,0.25027744724293727,1571.5,102.32028198242188,-102.32028198242188,4,0.0,-0.5794183289627575,0.0031467596192777552,-0.09432567037747867,0.13002576911331054
93,33,True,7,0.875,1.0,0.8597253121088123,829.4285714285714,108.51847076416016,-108.51847076416016,2,1.0,1.0,1.0000000000000002,-1.0000000000000002,-1.0
93,18,False,1,0.125,2.056968509908801e-26,0.14027468789118777,2048.0,103.3915023803711,-103.3915023803711,2,-1.0,-1.0,-0.9999999999999999,1.0,1.0
94,70,False,1,0.125,0.06301107588487069,0.11885884392145711,754.0,113.11997985839844,-113.11997985839844,7,-0.4082482904638628,-0.24580831442730425,-0.5716838596042643,-1.5210722133489707,-1.3750734769222068
94,130^\circ,False,1,0.125,1.4165927174340364e-35,0.1300962573200311,2048.0,103.34893798828125,-103.34893798828125,7,-0.4082482904638628,-0.4397896455164073,-0.30398789161577827,0.8048958981585798,0.9253687472616997
94,110^\circ,False,1,0.125,3.893063896282725e-28,0.12800804672251206,2048.0,105.03488159179688,-105.03488159179688,7,-0.4082482904638628,-0.4397896455164073,-0.35373292968099806,0.8048958981585798,0.5284391357960598
94,66.67,False,1,0.125,0.00024391840433979917,0.11928469109454458,810.0,112.71614074707031,-112.71614074707031,7,-0.4082482904638628,-0.4390387359963506,-0.5615393924416273,-1.4204120786933117,-1.2799957405021722
94,130,False,1,0.125,3.4029347946971327e-70,0.12559438964155642,2048.0,107.05342864990234,-107.05342864990234,7,-0.4082482904638628,-0.4397896455164073,-0.4112307048149694,0.8048958981585798,0.05320313274817462
94,50,False,1,0.125,1.3844663562049633e-23,0.13317982831107295,2048.0,100.9560546875,-100.9560546875,7,-0.4082482904638628,-0.4397896455164073,-0.23053152830241033,0.8048958981585798,1.4887364879625926
94,70^\circ,False,2,0.25,0.9367450057107894,0.24497794298882594,1445.5,108.72642517089844,-108.72642517089844,7,2.4494897427831783,2.444005632489284,2.4327063064600485,-0.2780993005920378,-0.34067828634414105
95,-4,True,8,1.0,1.0000000000000002,1.0,1291.875,93.90979766845703,-93.90979766845703,1,0.0,0.0,0.0,0.0,0.0
96,"-1, -3, -5",False,2,0.25,4.425651048862766e-12,0.05377829953487007,1596.0,104.06393432617188,-104.06393432617188,6,2.23606797749979,-0.4472127505542533,2.2349124602088155,1.1029241944864476,1.6032885779895911
96,-7,False,1,0.125,1.920754289568658e-35,0.026639945429399976,1562.0,106.80562591552734,-106.80562591552734,6,-0.4472135954999582,-0.44721380673682387,-0.4244066347418545,0.9057317881102555,0.1750878212043495
96,5,False,1,0.125,2.2499762215018516e-28,0.026343917536765574,1322.0,108.00580596923828,-108.00580596923828,6,-0.4472135954999582,-0.44721380673682387,-0.4534147545585973,-0.486214609839336,-0.45010943571668593
96,"-1, -5",False,1,0.125,8.068050165816278e-18,0.026939679381931685,1550.0,105.61729431152344,-105.61729431152344,6,-0.4472135954999582,-0.44721380673489847,-0.3950353537763685,0.8361344682127758,0.7941129890020083
96,"1 + \sqrt{5}, 1 - \sqrt{5}",False,1,0.125,5.567695673987458e-29,0.026243509702850828,1263.0,108.41903686523438,-108.41903686523438,6,-0.4472135954999582,-0.44721380673682387,-0.4632538357709064,-0.8284014326686105,-0.6653694892836177
96,-3,False,1,0.125,1.1243575849061446e-05,0.025880741860956454,1142.0,109.93873596191406,-109.93873596191406,6,-0.4472135954999582,2.2360679774996233,-0.4988018813610884,-1.5301744083015296,-1.4570104631956453
97,east,False,3,0.375,0.9649194495461235,0.37234234861404886,346.6666666666667,118.45825958251953,-118.45825958251953,3,0.2672612419124245,1.4134869603647593,0.25206638085891747,-0.8259615363344346,1.0896722605528406
97,\text{east},True,4,0.5,0.035080550423549135,0.5003315771316009,367.75,120.50320434570312,-120.50320434570312,3,1.0690449676496978,-0.6674884211568803,1.0791003725960326,-0.5811724671904147,-1.3255158171110726
97,\text{west},False,1,0.125,3.032737615768361e-11,0.12732607425435027,539.0,119.18119812011719,-119.18119812011719,3,-1.3363062095621219,-0.7459985392078788,-1.3311667534549494,1.407134003524848,0.2358435565582152
98,2k + 2,True,8,1.0,0.9999999999999999,1.0,520.0,103.1685562133789,-103.1685562133789,1,0.0,0.0,0.0,0.0,0.0
99,\begin{pmatrix} -\frac{1}{3} \\ \frac{2}{3} \\ \frac{5}{3} \end{pmatrix},False,8,1.0,1.0,1.0,1339.25,101.00448608398438,-101.00448608398438,1,0.0,0.0,0.0,0.0,0.0
